pop_store,title,price,num
a la sha►滿千折百累計,a la sha Qummi 繽紛格紋塗鴉七巧板短T,890,5
a la sha►滿千折百累計,a la sha 圈圈家族動物旅行萬用收納包,990,7
a la sha►滿千折百累計,a la sha 阿財家族Q咪貓平口內褲,290,21
a la sha►滿千折百累計,a la sha 長頸鹿條紋針織上衣,1490,12
a la sha►滿千折百累計,a la sha 牛仔織帶吊帶背心裙,1990,12
a la sha►滿千折百累計,a la sha Qummi 裙兒飄飄下擺多層次拼紗長版上衣,1490,13
Concrete Surf►全館9折,Hurley ESTUARY T恤-(男),1080,0
Gap►輸碼滿$376現折188,Gap女嬰幼童 縮褶寬肩帶牛仔洋裝 307364-精紡斜紋布,999,1
Concrete Surf►全館9折,Hurley KOKO HAT 棒球帽-藍(女),1180,0
Gap►輸碼滿$376現折188,Gap男童 舒適純棉青年布長袖襯衫 249821-中度水洗,999,0
Gap►輸碼滿$376現折188,Gap女裝 莫代爾柔軟背心式無袖洋裝女 335349-海軍藍條紋,999,0
Gap►輸碼滿$376現折188,Gap女嬰幼童 純棉青年布柔軟荷葉邊短袖洋裝 307347-精紡斜紋布,999,0
Gap►輸碼滿$376現折188,Gap男童 基本款牛津布柔軟紐扣長袖襯衫 699648-牛津藍,899,0
永昌文具 ☛ 全面限時98折,日本原裝進口 COPIC Ciao 第三代 圓桿麥克筆 36 Color Set A 36色 A色系 盒裝 /盒 (原廠公司貨),2633,5
永昌文具 ☛ 全面限時98折,[加贈20%] 7折 HFPWP 11孔透明資料袋/內頁袋(50入)厚0.08mm 環保材質 台灣製EH303A-50-SP,200,7
永昌文具 ☛ 全面限時98折,SDI 手牌 0702B 圓形迴紋針 (28mm) 約80支裝 /盒,15,5
Gap►輸碼滿$376現折188,Gap女嬰幼童 彈力針織圖案九分內搭褲 259365-童趣多彩,449,0
永昌文具 ☛ 全面限時98折,【LYRA】 GROOVE 1760100 三角洞洞鉛筆HB/2B(細) 12入 /盒,120,10
永昌文具 ☛ 全面限時98折,PLUS 普樂士 34-763 30度弧線不沾膠剪刀 / 支,82,5
永昌文具 ☛ 全面限時98折,【Pentel飛龍】EZEE02 薄型環保橡皮擦 /個,15,5
永昌文具 ☛ 全面限時98折,PLUS 普樂士 NS-108S 口紅膠 8g /支,15,18
永昌文具 ☛ 全面限時98折,【3M】 3040 白膠 40g / 瓶,20,6
永昌文具 ☛ 全面限時98折,PILOT 百樂 RFJ-GP-XB 舒寫筆替芯 / 支,15,15
永昌文具 ☛ 全面限時98折,【破盤價】SDI 手牌 1200 10號釘書針 / 盒,10,9
Nike五折專區⭐布魯克林,NIKE NSW SHORT 黑白勾 大LOGO 棉質短褲 男生 (布魯克林) 2018/7月 836278-010,1780,0
Nike五折專區⭐布魯克林,Adidas Pharrel Tennis HU 編織 粉色 菲董聯名 慢跑 女 (布魯克林) 2018/7月 AQ0988,3890,0
Nike五折專區⭐布魯克林,FRUIT OF THE LOOM 水果牌 美國純棉 5.3oz 高磅數 素T (布魯克林) 2018/8月 FRUIT-,390,4
Nike五折專區⭐布魯克林,Adidas Ultra Boost 4.0 黑色 編織 馬牌底 慢跑鞋 男 (布魯克林) 2018/4月 BB6166,5990,2
Nike五折專區⭐布魯克林,NIKE W Air Huarache Ultra 黑白 武士 襪套 涼鞋 女鞋 ( 布魯克林 ) 2017/5月 885118-001,3000,12
Nike五折專區⭐布魯克林,Adidas Ultra Boost 4.0 全白 編織 馬牌底 慢跑鞋 男 (布魯克林) 2018/4月 BB6168,5990,5
永昌文具 ☛ 全面限時98折,彩之舞 HY–A20 優質噴墨專用紙–防水 115g A4 100張入 / 包,250,26
永昌文具 ☛ 全面限時98折,【促銷】Pentel 飛龍 C205 自動鉛筆芯-0.5mm 40支入 / 個,45,14
永昌文具 ☛ 全面限時98折,COX CR-1500 塑膠直尺-15cm / 支,7,13
永昌文具 ☛ 全面限時98折,【破盤價】雄獅 10號訂書針 2盒入 / 組,16,21
永昌文具 ☛ 全面限時98折,利百代 SR-C031 可愛家族非PVC安全無毒抗菌橡皮擦(藍) / 個,15,5
永昌文具 ☛ 全面限時98折,TEMPO 節奏 H-106 螢光筆 / 支,10,40
永昌文具 ☛ 全面限時98折,促銷價 『3M』Scotch 巧兔造型 SM2-R 桌上型膠台 /組 ( 附2捲3/4膠帶 ),190,10
永昌文具 ☛ 全面限時98折,雄獅口紅膠 GS-104 / 支,15,11
永昌文具 ☛ 全面限時98折,【Pentel飛龍】ZETH07 ZETL07 ZETS07 AIN長型橡皮擦 /個,15,18
永昌文具 ☛ 全面限時98折,雄獅可擦拭螢光筆 FM-880 / 支,15,22
永昌文具 ☛ 全面限時98折,【永昌文具】(限量促銷) 雄獅No.200奇異筆(1.3 mm)(12支/打)(可配色),240,16
永昌文具 ☛ 全面限時98折,【Pentel飛龍】S512 螢光筆 /支,18,22
永昌文具 ☛ 全面限時98折,(促銷)足勇44003 足讚T-40事務用剪刀 (隨機出貨) / 支,40,44
永昌文具 ☛ 全面限時98折,(促銷) LEVEL立榮 L-88 原子筆0.5mm 支 / 2支/ 組,10,17
永昌文具 ☛ 全面限時98折,3M 502S (12 x 40yd)超透明膠帶 / 捲,15,6
永昌文具 ☛ 全面限時98折,(促銷) LEVEL 立榮 L-77 原子筆 支 / 2支 / 組,10,18
永昌文具 ☛ 全面限時98折,SIMBALION 雄獅 GU-401 可水洗 無毒 超黏 白膠 40g /瓶,10,20
永昌文具 ☛ 全面限時98折,O.B. Silk-ball自動原子筆0.7 / 0.48mm (20支/盒) OB#1207 / 1248,168,8
永昌文具 ☛ 全面限時98折,LEVEL立榮 L-88 原子筆0.5mm / 支,10,45
永昌文具 ☛ 全面限時98折,【促銷下殺】日本 KOKUYO 無針訂書機美壓版5枚 SLN-MPH105 / 支,450,8
永昌文具 ☛ 全面限時98折,即日起特賣回饋客戶 【隔日配】Faber-Castell 輝柏 115937 水性彩色鉛筆 (鐵盒裝) 36色入 /盒,620,7
永昌文具 ☛ 全面限時98折,【Double A】 A4影印紙A&a 白色 (70磅) 500張入/包 10包/箱 (請勿選超商取貨),1000,7
永昌文具 ☛ 全面限時98折,MontBlanc 萬寶龍 refill Rollerball 鋼珠筆筆芯 / 支 下單前請詳閱內文說明,250,11
永昌文具 ☛ 全面限時98折,日本 LION NO.510 半砂 橡皮擦 ( 鉛筆 原子筆 鋼筆 用 ) /個,40,15
永昌文具 ☛ 全面限時98折,【Pentel飛龍】ZEH-05 標準型橡皮擦 /個,10,51
永昌文具 ☛ 全面限時98折,【促銷】日本品牌OB原子筆OB-100 (/支),10,47
永昌文具 ☛ 全面限時98折,雄獅蠟彩螢光筆 FPC-515 / 支,15,35
永昌文具 ☛ 全面限時98折,【限時促銷】SDI 手牌 0172 可換刀電動削鉛筆機 (顏色隨機出貨) / 台,1800,8
永昌文具 ☛ 全面限時98折,【永昌文具】(限量促銷) 雄獅 No.600奇異筆(1 mm)(12支/打),180,15
永昌文具 ☛ 全面限時98折,PILOT 百樂 WMBM-12L 可換卡水白板筆(中字) / 支,45,103
永昌文具 ☛ 全面限時98折,L型文件夾 E310 (12個/包),28,43
永昌文具 ☛ 全面限時98折,【FABER-CASTELL】輝柏 188733 彩色鉛筆 專用 橡皮擦 /個 ( 188920 更新 ),20,15
永昌文具 ☛ 全面限時98折,STABILO 德國天鵝 1191N 黑色環保橡皮擦-小 / 個,15,38
永昌文具 ☛ 全面限時98折,日本原裝 TOMBOW 蜻蜓牌 MONO PE-01AB 極黑橡皮擦 小 /個,15,23
永昌文具 ☛ 全面限時98折,限時促銷 【萬事捷】 1330 護貝膜 A4 亮面 護貝膠膜 216X303mm -100張 /盒,900,59
永昌文具 ☛ 全面限時98折,利百代 7600 紙捲油蠟筆 (單色) 12支入 / 盒,300,127
永昌文具 ☛ 全面限時98折,(促銷)11孔內頁(台灣製) 100張 /包,200,51
永昌文具 ☛ 全面限時98折,嘸蝦米 (無蝦米) 輸入法 J 標準版 /套 ( Windows 版本),1307,11
Gap►輸碼滿$376現折188,Gap男童 純棉印花休閒長袖T恤 兒童圖案內搭上衣370803-北京,799,0
Gap►輸碼滿$376現折188,Gap女嬰幼童 純棉印花基本款長袖T恤 兒童內搭上衣356426-濃情奶白色,499,1
Gap►輸碼滿$376現折188,Gap女嬰幼童 印花荷葉邊柔軟休閒短袖T恤 259379-甲蟲圖案,449,1
Gap►輸碼滿$376現折188,Gap男嬰幼童 牛津紡領尖紐扣長袖襯衫 911790-天藍色,799,2
Gap►輸碼滿$376現折188,Gap男童 刷毛迷彩LOGO圖案短褲 237840-綠色迷彩,799,2
Gap►輸碼滿$376現折188,Gap x Disney女嬰幼童 迪士尼系列米妮連帽運動衫 298614-米妮老鼠圖案,1299,5
Gap►輸碼滿$376現折188,Gap男女嬰兒 純棉純色熊耳連帽針織開襟衫 215587-淺灰,999,2
Gap►輸碼滿$376現折188,Gap女嬰兒 甜美荷葉邊鏤空小飛袖洋裝 283121-藍色條紋,1499,5
Gap►輸碼滿$376現折188,Gap女裝 雅致系帶裝飾七分袖褶皺長袖洋裝 260201-黃色圖案,1699,2
Gap►輸碼滿$376現折188,Gap男女嬰兒 布萊納小熊刺繡純棉短袖包屁衣三件裝 595584-淺色石楠灰,999,4
Gap►輸碼滿$376現折188,Gap女裝 條紋圓領修身短袖T恤 296120-藍色條紋,999,4
Gap►輸碼滿$376現折188,Gap男嬰幼童 Logo Global Remix系列 圆领短袖T恤 336070-航海藍,699,4
Gap►輸碼滿$376現折188,Gap男童 純棉基本款圖案圓領短袖T恤 310553-亮孔雀石綠,699,7
Gap►輸碼滿$376現折188,Gap女裝 時尚中腰緊身牛仔褲 192728-水洗色,2499,11
Gap►輸碼滿$376現折188,Gap女嬰幼童 布萊納小熊刺繡童趣精選系列純色內搭褲 805024-冰粉色,499,10
Gap►輸碼滿$376現折188,Gap女裝 休閒莫代爾柔軟短袖T恤式洋裝女 297703-粉色條紋,1299,7
Gap►輸碼滿$376現折188,Gap女裝 Logo系列純棉金屬感圓領短袖T恤 215888-恬靜羽白色,899,8
Gap►輸碼滿$376現折188,Gap男嬰幼童 基本款撞色柔軟無袖背心式上衣 260319-光感亮白,499,11
Gap►輸碼滿$376現折188,Gap男嬰幼童 基本款撞色柔軟無袖背心式上衣 260319-靛藍色,499,14
Gap►輸碼滿$376現折188,Gap男裝 簡約風格休閒短褲 228605-煙灰色,1299,12
Gap►輸碼滿$376現折188,Gap男女嬰兒 趣味童趣圖案短袖包屁衣 230087-光感亮白,499,16
Gap►輸碼滿$376現折188,Gap女嬰兒 基本款純棉繡花鏤空蝴蝶袖包屁衣 230706-淺粉色,499,43
Gap►輸碼滿$376現折188,Gap女裝 純棉復古水洗短袖圓領基本款T恤 231912-純正黑色,699,64
Gap►輸碼滿$376現折188,Gap男嬰幼童 1969牛仔系列柔軟丹寧牛仔長褲 230862-中度水洗,1299,27
Gap►輸碼滿$376現折188,Gap男嬰幼童 小熊刺繡純棉條紋口袋短袖T恤 249899-靛藍色,499,26
Gap►輸碼滿$376現折188,Gap男童 基本款深色水洗緊身窄管牛仔褲 325805-中度水洗,1299,19
Gap►輸碼滿$376現折188,Gap男童 Logo系列鯊魚圖案圓領短袖T恤 305789-光感亮白,699,30
Gap►輸碼滿$376現折188,Gap男嬰幼童 純棉拼色Gap Logo基本款圖案短袖T恤 260246-檸檬黃,499,19
Gap►輸碼滿$376現折188,Gap男嬰幼童 基本款純棉柔軟鬆緊腰短褲 215139-藏青色,499,84
a la sha►滿千折百累計,a la sha 當季魅力↘繽紛a半罩安全帽,1090,22
Concrete Surf►全館9折,Hurley Q/D PENDLETON GLACIER HIGH NECK SURF TOP 比基尼 TOP-白(女),3080,0
Concrete Surf►全館9折,Hurley QUICK DRY KOKO TRI SURF TOP 比基尼 TOP-(女),2580,1
a la sha►滿千折百累計,a la sha 抹茶與大象影子短袖上衣,990,20
a la sha►滿千折百累計,a la sha 圈圈動物針織外套,1490,22
Gap►輸碼滿$376現折188,Gap女裝 基本款純色V領純棉短袖T恤女裝 283152-石楠灰,699,84
Concrete Surf►全館9折,Hurley LOWRIDER KOKO BEACH SHORT 休閒短褲-黑(女),1680,0
a la sha►滿千折百累計,a la sha Qummi 嘎比回憶錄創意短袖棉T,990,24
a la sha►滿千折百累計,a la sha 阿財與好多動物短袖上衣,890,49
a la sha►滿千折百累計,a la sha Qummi 戴帽抹茶與阿財好友手牽手短T,990,87
a la sha►滿千折百累計,a la sha 大熊熊與家族收納包,790,36
a la sha►滿千折百累計,a la sha 大象與家族大包包,1390,30
a la sha►滿千折百累計,a la sha 抹茶跳色踝襪,220,91
a la sha►滿千折百累計,a la sha 熊熊與小鹿跟阿財合照短袖上衣,790,59
a la sha►滿千折百累計,a la sha Qummi 阿財請大家吃蛋糕囉短袖棉T,890,260
a la sha►滿千折百累計,a la sha 紳士阿財短袖上衣,790,137
米克斯寵物★全店9折,◆MIX米克斯◆【99元運費加購好傘】限定曙光犬貓飼料．超級好傘大放送(活動詳情參閱商品內文),499,0
米克斯寵物★全店9折,◆MIX米克斯◆Lifeapp CAT CAVE寵愛貓窩．貓籃子舒適睡窩，創意翻玩，把寵物隨時提著走,1250,0
KING★滿499享97折,＊KING WANG＊【兩盒免運組】Ever Clean藍鑽貓砂25磅//9月底到貨，可預購,1880,63
米克斯寵物★全店9折,◆MIX米克斯◆加拿大BOREAL．無穀鮮肉愛貓寵食【5磅 約2.26kg】,2600,0
連珍糕餅★2018評比冠軍,連珍中秋禮盒全咖哩肉餅(12入),384,8
KING★滿499享97折,＊KING WANG＊日本寵喵樂二代 99.5%鋁合金貓鍋 貓咪圓形涼墊-加強款涼度,1090,0
連珍糕餅★2018評比冠軍,連珍蘋果日報冠軍 中秋節首選 棗泥花糕(9入),330,0
連珍糕餅★2018評比冠軍,連珍中秋禮盒鳳凰酥10入,360,2
連珍糕餅★2018評比冠軍,連珍中秋節綜合禮盒12入,630,0
連珍糕餅★2018評比冠軍,連珍中秋蘋果日報推薦 雙色蛋黃酥(12入),480,18
Unicorn 手機殼★天天上新品,LQ-035 補光廣角 0.4X-0.6X 無暗角 15X微距鏡頭 美顏 自拍 補光燈 玫瑰金,450,7
Unicorn 手機殼★天天上新品,2018最新追劇神器電視棒 AnyCast M5 plus手機電視無線HDMI wifi投影 影音傳輸 ios 安卓【Unicorn手機殼】,650,18
SG★全館超取免運費!!!,直拍美肌補光燈線控自拍棒三腳架自拍桿自拍杆自拍神器A8,790,7
SG★全館超取免運費!!!,客製化 手機殼 ASUS Zenfone 4 Max Selfie Pro 2 Laser 3 Deluxe Ultra 5 6 保護殼 手繪可愛北極熊,1280,2
SG★全館超取免運費!!!,TOTU 音頻轉接器 Lightning 通話 充電 聽歌 二合一 轉接器 轉接頭 iPhone X 8 7 Plus,880,1
SG★全館超取免運費!!!,客製化 手機殼 OPPO R11 R11s R9 R9s Plus F3 A39 A57 保護殼 紫羅蘭碎花,1280,1
SG★全館超取免運費!!!,客製化 手機殼 三星 A8 A8+ 2018 J7 J7+ Plus J5 S8 S8+ S7 Edge S6 防摔殼 粉嫩碎花 光盾,1280,1
SG★全館超取免運費!!!,小米手環3充電線充電器,280,3
SG★全館超取免運費!!!,客製化 手機殼 ASUS Zenfone 4 Max Selfie Pro 2 Laser 3 Deluxe Ultra 5 6 保護殼 漸層大理石,1380,1
SG★全館超取免運費!!!,Mcdodo 智能斷電 QC3.0 快充 充電線 Type C 傳輸線 呼吸燈 編織線 數據線 閃充 1M,580,3
映象專業攝影★相機現折千元,Fujifilm XF 23mm F2 R WR 恆昶公司貨 ((黑色)) 保固一年 富士,15200,0
映象專業攝影★相機現折千元,FUJIFILM INSTAX MINI8 熊本熊禮盒組 拍立得相機 附熊本熊底片 平輸貨,3350,0
映象專業攝影★相機現折千元,【6期0利率】申請送原電 Canon PowerShot G7X Mark II 彩虹公司貨 類單眼,17300,0
映象專業攝影★相機現折千元,【24期0利率】拆鏡 OLYMPUS ED 12-40mm f2.8 PRO M.ZUIKO 元佑公司貨 兩年保固,23500,0
SG★全館超取免運費!!!,Mcdodo 智能斷電 2.4A 快充 蘋果 Lightning 充電線 傳輸線 編織線 iPhone ix i8 i7 plus,580,1
SG★全館超取免運費!!!,Mcdodo 智能斷電 2.4A 快充 蘋果 Lightning 充電線 傳輸線 編織線 iPhone ix i8 i7 plus,580,0
SG★全館超取免運費!!!,TOTU 耀系列 快充 3.1A 數顯 USB 充電器 閃充 智能 多孔 充電頭 插座 轉接頭,580,2
映象專業攝影★相機現折千元,【6期0利率】elinchrom D-Lite RX 4/4 SOFTBOX TO GO 華曜公司貨 ((18個月保固)) RX4,29800,1
SG★全館超取免運費!!!,TOTU 一組兩入 蘋果 iPhoneX ix 鏡頭貼 鋼化膜 9H 保貼 鏡頭膜 玻璃貼 超薄 防爆,380,1
SG★全館超取免運費!!!,Mcdodo 套裝 快充 PD 2A 充電頭 Lightning 傳輸線 充電線 智能 充電器 Type C,1080,0
SG★全館超取免運費!!!,Mcdodo 磐石系列 快充 2.1A 雙孔 USB 充電器 閃充 智能 多孔 充電頭 插座 轉接頭,550,0
SG★全館超取免運費!!!,正版 小米 TDS 水質檢測筆 檢測儀 米家 淨水 測水筆 按一下使用,480,4
SG★全館超取免運費!!!,Mcdodo 智能快充 QC3.0 2A 充電線 安卓 Micro 傳輸線 編織線 數據線 閃充 快充線 100cm,480,1
SG★全館超取免運費!!!,TOTU 智能斷電 呼吸燈 2.4A 快充 iPhone 充電線 Lightning 傳輸線 爍系列 編織線,480,1
SG★全館超取免運費!!!,Mcdodo 智能斷電 QC3.0 2.4A 充電線 安卓 Micro 傳輸線 編織線 數據線 閃充 快充線 100cm,580,0
SG★全館超取免運費!!!,TOTU 耀系列 一組三入 蘋果 2.1A 快充 Lightning 傳輸線 數據線 充電線 ix i8 i7 plus,580,2
SG★全館超取免運費!!!,Mcdodo 智能斷電 2.4A 快充 蘋果 Lightning 充電線 傳輸線 編織線 iPhone ix i8 i7 plus,580,7
SG★全館超取免運費!!!,PICKOGEN 五合一 廣角 鏡頭 轉盤 魚眼 微距 廣角 增距 偏光 鏡頭 自拍神器 手機 夾式,680,0
SG★全館超取免運費!!!,PICKOGEN 4K 高清 廣角鏡頭 0.5X廣角 魚眼 微距 抗變形 自拍神器 手機 夾式,1080,0
SG★全館超取免運費!!!,PICKOGEN 4K 高清 花瓣型 廣角鏡頭 廣角 微距 抗變形 自拍神器 手機 夾式 鏡頭,790,1
SG★全館超取免運費!!!,TOTU 指環 支架 狗狗 毛孩子 鋅合金 手機 平板 懶人 支架 指環架 指環扣 防摔 防滑,490,0
SG★全館超取免運費!!!,PICKOGEN 4K 高清 廣角鏡頭 0.58X廣角 魚眼 20X微距 抗變形 自拍神器 手機 夾式,1480,0
SG★全館超取免運費!!!,TOTU 悅木系列 iPhone 8 7 i8 i7 手機殼 四角 全包 軟殼 保護套 掛繩孔,580,1
SG★全館超取免運費!!!,TOTU 鎧甲系列 一拖三 快充 2.4A iPhone 安卓 Micro Type C 充電線 閃充 智能 Lightning 編織線 傳輸線,790,0
SG★全館超取免運費!!!,TOTU 犀牛家族 滿版 iPhone 8 7 i8 i7 玻璃貼 防碎邊 曲面 軟邊 鋼化膜 9H 保貼 保護貼 贈貼膜神器,580,0
SG★全館超取免運費!!!,Mcdodo BM-02 立體聲 線控 耳機 麥克風 通話 智能 附3組耳帽 3.5mm 通用,550,0
SG★全館超取免運費!!!,Mcdodo 三合一 磁吸 快充 2A iPhone 安卓 Type C 充電線 呼吸燈 吸磁 智能 傳輸線 閃充線,780,2
SG★全館超取免運費!!!,小米手環3 觸控 升級 計步 OLED 智慧 運動 手環 智慧型 手錶 米家 手環3代,1580,5
SG★全館超取免運費!!!,TOTU 出彩系列 iPhoneX iX 手機殼 輕薄 液態矽膠 保護套 防摔殼 手機套 全包 軟殼,680,1
SG★全館超取免運費!!!,TOTU 多系列 五孔 6A 快充 USB 充電頭 充電器 閃充 智能 快充頭 多孔 支架 底座 飛船款,880,0
SG★全館超取免運費!!!,TOTU iPad 9.7吋 智能休眠 皮套 全包 保護套 防摔殼 翻蓋 折疊,890,1
SG★全館超取免運費!!!,美肌 補光燈 自拍棒 三腳架 典藏 臻皮 自拍神器 自拍桿 自拍杆 直播架 腳架 自拍鏡 鏡子 掛繩 A11,1080,0
SG★全館超取免運費!!!,小米手環3 智能運動手錶,1580,7
SG★全館超取免運費!!!,TOTU 無印風桌面可調式風扇 拓風系列,580,1
SG★全館超取免運費!!!,【時時樂現購↘999】小米手環3 智能運動手錶,1580,3
SG★全館超取免運費!!!,Mcdodo 二代 iPhone智能斷電充電線 2.4A快充Lightning,680,0
SG★全館超取免運費!!!,小米手環3智能運動手錶+彩色錶帶腕帶經典套餐,1780,1
SG★全館超取免運費!!!,TOTU iPhone充電線 2.1A智能快充Lightning 勁韌系列,580,0
SG★全館超取免運費!!!,客製化 Note8手機殼 多型號製作 漸層愛心,1280,1
SG★全館超取免運費!!!,客製化 ASUS Zenfone5Z手機殼 多型號製作 扶桑花天鵝,1280,1
SG★全館超取免運費!!!,美肌補光燈線控自拍棒A6附自拍鏡,880,0
SG★全館超取免運費!!!,TOTU Lighting轉HDMI電視HD音頻轉接器iPhone充電線轉接線,880,1
SG★全館超取免運費!!!,Mcdodo 長版夾式磁吸懶人支架 姿系列,550,0
連珍糕餅★2018評比冠軍,連珍中秋月餅花玥禮盒10入,550,30
SG★全館超取免運費!!!,TOTU 手持站立支架隨身風扇 三檔電風扇,680,0
KING★滿499享97折,＊KING WANG＊ IRIS薄型花香抗菌尿布墊 ES-100F小/50F中,399,0
KING★滿499享97折,＊KING WANG＊【單罐】Sheba嚴選罐系列75g (四種口味可選)--全新上市,57,8
SG★全館超取免運費!!!,TOTU iPhone音頻轉接器 2.1A快充彎頭轉接充電線 3.5mm音源線 流光系列,880,3
KING★滿499享97折,＊KING WANG＊【單包】愛的獎勵《犬用零食系列超值包》多種口味狗零食 全犬適用,139,6
米克斯寵物★全店9折,◆MIX米克斯◆Vita貓咪快餐零食，vita貓肉條盒裝(20排)，一排3入，可混搭,950,1
米克斯寵物★全店9折,"◆MIX米克斯◆Element,元素A2電剪.",1800,0
米克斯寵物★全店9折,◆MIX米克斯◆【無截角】活力雞肉零食系列，長年暢銷不敗必備款,199,110
ezmore★任2件9折,韓國 SUNTOUCH 夯肉不沾6格烤盤 40cm 多格 6格烤盤 烤盤 烤肉 燒肉 蒸蛋 烤肉盤 中秋,549,5
ezmore★任2件9折,韓國 wonjin 原辰 補水急救面膜 (10片/盒裝) 30gx10 安瓶 補水 保濕 面膜 術後面膜 林允推薦,350,5
ezmore★任2件9折,印尼 Gery 厚醬起司威化餅 (盒裝) 280g 厚醬 威化餅 團購 餅乾 厚醬餅乾 起司 印尼餅乾,79,12
ezmore★任2件9折,日本 iris foods 低溫製法生切麻糬 1kg 麻糬 日本麻糬 純生切麻糬 麻糬湯 年糕湯 烤麻糬 中秋,299,8
ezmore★任2件9折,日本 合食 函館 朝日北海道鮭魚鬆 鮭魚鬆 鮭魚 朝日鮭魚鬆 配飯 拌飯 飯糰,175,6
ezmore★任2件9折,韓國 大象 韓式烤肉蒜味調味鹽 52g 蒜鹽 調味鹽 中秋 烤肉 燒肉,69,28
ezmore★任2件9折,韓式電磁爐烤盤 30cm 電磁爐烤盤 韓式麥飯石烤盤 無煙 不黏鍋 燒烤 烤肉 牛排 鐵板燒,399,12
ezmore★任2件9折,韓國 大象 醃烤調味醬 500g 燒醃烤醬 烤肉醬 燒肉醬 烤肉 燒肉 醃肉 韓國媽媽必備,150,17
ezmore★任2件9折,日本 John's Blend 室內居家香氛膏 135g 香氛 香味 芳香 香氛膏 Johns Blend,149,71
ezmore★任2件9折,4+1限定 韓國 農心 部隊鍋拉麵 (五包入) 635g 火鍋泡麵 部隊鍋泡麵 一日三餐 推薦,135,57
ezmore★任2件9折,日本 BCL Saborino 早安面膜 (32枚入) 洗臉 面膜 保養 清潔 60秒面膜 懶人面膜 抽取式,349,50
ezmore★任2件9折,韓國 ORION 好麗友 烏龜玉米脆片 80g 玉米濃湯 肉桂 鮮蝦 餅乾 濃湯 烏龜餅乾 脆餅 烏龜餅,55,342
ezmore★任2件9折,日本 P&G 3D立體洗衣膠球 18入盒裝 三種洗劑 洗衣果凍球 洗衣凝膠球 除臭 抗菌 洗衣球 寶僑,129,100
ezmore★任2件9折,印尼 Gery 厚醬蘇打餅 (袋裝) 厚醬 蘇打餅乾 蘇打餅 團購 餅乾 厚醬餅乾 巧克力 椰香 起司,95,275
影音轟9折+專業影音施工：德昌,SONY 索尼 SA-Z9R (搭配 HT-Z9F使用) HT-Z9F的無線後置喇叭 可壁掛 公司貨,11990,1
影音轟9折+專業影音施工：德昌,SAMPO 聲寶 SK-FH18DR DC節能扇 台灣製造品質保證 七段風量 無線遙控 公司貨 SKFH18DR,2988,1
影音轟9折+專業影音施工：德昌,現貨 SHARP 夏普 電視 LC-46G7AT 46吋日製LED 公貨 送北區壁式安裝+高HDMI線+數位天線+16G隨身碟 零利率,59900,1
影音轟9折+專業影音施工：德昌,( 福利現貨 ) 德國 BRITA Liquelli 力酷型濾水壺 2.2L 送母親節好禮 公司貨,990,1
影音轟9折+專業影音施工：德昌,ELITE SCREENS 億立 55/50吋 4:3/16:9 行動式微型桌拉幕 伸縮調整 PC55W-EST 公司貨 運費另計,5999,1
玩具反斗城⭐樂高獨家販售1995起,玩具反斗城 【Universe Of Imagination】150pcs桶裝積木,1209,0
玩具反斗城⭐樂高獨家販售1995起,玩具反斗城 LEGO樂高 70616 TRU EXCLUSIVE ICE TANK 冰忍的巨冰坦克,3499,0
玩具反斗城⭐樂高獨家販售1995起,玩具反斗城 HATCHIMALS 魔法寵物蛋-雙胞胎遊戲組(A),3899,0
NB人氣王★筆電24期0率滿萬折千,華碩 WT205 奢華時尚無線光學滑鼠,880,1
玩具反斗城⭐樂高獨家販售1995起,玩具反斗城 【STATS】 羽球拍組/款,299,0
玩具反斗城⭐樂高獨家販售1995起,玩具反斗城 互動寵物猴/手指猴 (款),699,0
布布童鞋⭐限時88折,《布布童鞋》Disney冰雪奇緣粉色艾莎蝴蝶結兒童雨鞋(17~22公分) [ B8K803G ],599,1
NB人氣王★筆電24期0率滿萬折千,ACER Iconia One 10 B3-A40卡斯特紋超薄三折皮套,499,1
布布童鞋⭐限時88折,《布布童鞋》HelloKitty凱蒂貓俏麗蝴蝶結粉色兒童休閒鞋(13.5~16公分) [ C8E607G ],599,1
布布童鞋⭐限時88折,《布布童鞋》ANPANMAN麵包超人桃色台灣製兒童室內拖鞋(16~22公分) [ B8M402H ],199,1
布布童鞋⭐限時88折,《布布童鞋》美式運動風白藍色皮質兒童休閒鞋(16~19公分) [ R8KX80B ],699,1
布布童鞋⭐限時88折,《布布童鞋》HelloKitty凱蒂貓寵愛款桃色兒童拖鞋(16~18公分) [ C8D114H ],299,1
布布童鞋⭐限時88折,《布布童鞋》小草莓紅色帆布寶寶嗶嗶學步鞋(12~14公分) [ Z8F087G ],499,1
布布童鞋⭐限時88折,《布布童鞋》HelloKitty凱蒂貓寵愛款粉紫色附後綁帶兒童拖鞋(13~15公分) [ C8A114G ],299,1
布布童鞋⭐限時88折,《布布童鞋》HelloKItty凱蒂貓紅色小可愛草莓兒童休閒鞋(13~16公分) [ C7A405A ] 紅色款,499,1
布布童鞋⭐限時88折,《布布童鞋》TOPUONE桃色超輕量速乾兒童拖鞋(15~20公分) [ C8K248H ],399,1
布布童鞋⭐限時88折,《布布童鞋》Moonstar日本粉白色速乾透氣兒童機能運動鞋(15~19公分) [ I8I001M ],1380,1
布布童鞋⭐限時88折,童襪(15-21公分)《布布童鞋》貝柔雙色素面止滑童襪 不挑色 [ F7N321Y ],69,1
布布童鞋⭐限時88折,《布布童鞋》珍珠吊飾緹花蝴蝶結粉色兒童公主鞋(15~20公分) [ Q8E655G ],799,1
布布童鞋⭐限時88折,《布布童鞋》POLI救援小英雄羅伊紅色兒童電燈運動鞋(15~19公分) [ B7P262A ],699,1
布布童鞋⭐限時88折,《布布童鞋》TAYO小巴士藍綠色歐風兒童氣墊涼鞋(13~17公分) [ M8L805C ],599,1
布布童鞋⭐限時88折,《布布童鞋》SuperWings超級飛俠保羅深藍色兒童超輕量涼鞋(15~20公分) [ M8J846B ],499,2
布布童鞋⭐限時88折,《布布童鞋》Marvel蜘蛛人驚奇再起藍紅色兒童休閒鞋室內鞋(16~21公分) [ B8F326B ],599,1
布布童鞋⭐限時88折,《布布童鞋》汪汪隊立大功小腳印透氣天藍兒童休閒鞋(14~19公分) [ M8A401B ],499,2
布布童鞋⭐限時88折,《布布童鞋》TOPUONE足弓設計灰色健康機能鞋墊(14~25公分) [ C7L601J ] 灰色款,99,2
布布童鞋⭐限時88折,《布布童鞋》HelloKitty凱蒂貓藍色帆布兒童休閒鞋(15~20公分) [ C8C624B ],599,2
布布童鞋⭐限時88折,布布童鞋 粉色啾咪兔橡膠底防滑雨鞋(16~21公分) [ OMA510G ] 粉紅款,699,2
布布童鞋⭐限時88折,《布布童鞋》Disney冰雪奇緣粉色雪花艾莎兒童休閒鞋(15~20公分) [ B8N213G ],599,2
布布童鞋⭐限時88折,MLB美國職棒洋基隊藍色透氣運動鞋(18~22公分) [ M7Y062B ] 藍色款,899,2
布布童鞋⭐限時88折,《布布童鞋》GP動物派對磁扣式藍色兒童運動涼鞋(14.5~18.5公分) [ G8F81BB ],690,2
布布童鞋⭐限時88折,布布童鞋 Disney迪士尼米奇紅黑雙色交織歐風兒童氣墊涼鞋(17~21公分) [ MHU812A ] 紅色款,599,2
布布童鞋⭐限時88折,袖套《布布童鞋》貝柔高效涼感防蚊抗UV成人袖套 共三色,399,2
布布童鞋⭐限時88折,《布布童鞋》Marvel英雄系列蜘蛛人藍紅色發光電燈布希鞋(16~21公分) [ B7K516B ] 藍色款,599,3
布布童鞋⭐限時88折,《布布童鞋》冰雪奇緣水藍色艾莎女王兒童休閒鞋室內鞋(17~21公分) [ B7R786B ],499,2
布布童鞋⭐限時88折,《布布童鞋》SuperWings超級飛俠酷霸兒童電燈輕量拖鞋(15~19公分) [ M8A720B ],349,2
布布童鞋⭐限時88折,泡澡沐浴球《布布童鞋》日本進口Disney公主系列泡澡沐浴球 [ O8HOMBR ],139,5
布布童鞋⭐限時88折,《布布童鞋》HelloKitty凱蒂貓經典復刻米色超輕量拖鞋(17~22公分) [ Y8C658W ],299,2
布布童鞋⭐限時88折,《布布童鞋》Disney迪士尼米奇復刻版紅色寶寶護趾涼鞋(13~15.5公分) [ D8J339A ],699,2
布布童鞋⭐限時88折,《布布童鞋》Miffy兒童學生純白色運動鞋(19~22公分) [ L7V376M ],799,2
布布童鞋⭐限時88折,《布布童鞋》侏儸紀公園黑色暴龍兒童超輕量輕便拖鞋(15~20公分) [ M7X796D ],299,2
布布童鞋⭐限時88折,《布布童鞋》Disney迪士尼tsumtsum米老鼠唐老鴨粉色兒童拖鞋(15~22公分) [ D8B308G ],499,3
布布童鞋⭐限時88折,《布布童鞋》侏儸紀公園可愛恐龍藍色兒童休閒鞋室內鞋(14~19公分) [ M8H404B ],599,2
布布童鞋⭐限時88折,《布布童鞋》TOPUONE深藍色帆布兒童休閒鞋室內鞋(15~21公分) [ C8F309B ],499,2
布布童鞋⭐限時88折,布布童鞋 Disney迪士尼米妮圖樣甜粉色休閒鞋室內鞋(14~19公分) [ MDZ401G ] 粉紅款,499,2
布布童鞋⭐限時88折,《布布童鞋》日本IFME夏日粉白透氣網布機能室內鞋(15~21公分) [ PBR393G ] 粉紅款,999,2
布布童鞋⭐限時88折,《布布童鞋》Disney迪士尼米奇米妮兩小無猜紅色輕便公主涼鞋(14~19公分) [ D7N007A ],599,2
布布童鞋⭐限時88折,《布布童鞋》HelloKitty凱蒂貓桃色動物派對兒童拖鞋(17~23公分) [ C7F938H ] 桃色款,299,3
布布童鞋⭐限時88折,《布布童鞋》HelloKitty凱蒂貓紅色動物派對兒童拖鞋(17~23公分) [ C7M938A ] 紅色款,299,3
布布童鞋⭐限時88折,《布布童鞋》POLI救援小英雄波力藍色電燈護趾涼鞋(15~19公分) [ B7K116B ] 藍色款,899,3
布布童鞋⭐限時88折,《布布童鞋》ANPANMAN麵包超人藍色透氣兒童電燈休閒鞋(15~19公分) [ B8J436B ],699,3
布布童鞋⭐限時88折,泡澡沐浴球《布布童鞋》日本進口Disney小熊維尼泡澡沐浴球 [ O8GTMBR ],139,8
布布童鞋⭐限時88折,《布布童鞋》HelloKItty凱蒂貓愛心蘋果花紋桃色中筒兒童休閒鞋(14~18公分) [ C7R454H ],599,3
布布童鞋⭐限時88折,《布布童鞋》TOMICA多美小汽車藍色兒童超輕量拖鞋(14.5~18公分) [ A8F805B ],299,3
布布童鞋⭐限時88折,《布布童鞋》草莓甜心薄荷粉色兒童橡膠雨鞋(16~22公分) [ O8K018G ],699,3
玩具反斗城⭐樂高獨家販售1995起,玩具反斗城【MEGA BLOKS 美高】80片積木袋 (藍),1099,0
玩具反斗城⭐樂高獨家販售1995起,玩具反斗城 魔法廚房-歡樂漢堡店,1499,2
玩具反斗城⭐樂高獨家販售1995起,玩具反斗城 您好!我是頑皮的刺蝟Dochi,1195,1
DataStone數位宅急通★滿件88折,【免運費+現折100元+贈手機支架】RAPOO 雷柏 VPRO V110 炫彩背光 防潑水 電競鍵盤+電競滑鼠X1【限量】,1399,0
布布童鞋⭐限時88折,《布布童鞋》HelloKitty凱蒂貓寵愛款粉紫色兒童拖鞋(16~18公分) [ C8B114G ],299,3
玩具反斗城⭐樂高獨家販售1995起,玩具反斗城 OCTONAUTS 海底小縱隊-歡樂章魚堡,1799,1
玩具反斗城⭐樂高獨家販售1995起,玩具反斗城 You&Me娃娃照護30件組,449,1
DataStone數位宅急通★滿件88折,【現折100元+加贈汽車保溫袋】PROBOX 車內/居家兩用高效能空氣清淨機x1【HEPA三層濾網+PM2.5/塵螨】,3299,0
DataStone數位宅急通★滿件88折,DigiStone 3C防震收納袋(格菱軟式束口袋)【加大版型】適2.5吋硬碟/SSD/行動電源/3C產品(黑)X1P,199,0
DataStone數位宅急通★滿件88折,【95折+免運費+贈SD收納盒】TOSHIBA Towadako 64GB USB3.0 U364 R120MB/s 超薄迷你隨身碟x1【超薄4.9 mm】,999,2
DataStone數位宅急通★滿件88折,DigiStone 3C防震收納袋(格菱軟式束口袋)【加大版型】適2.5吋硬碟/SSD/行動電源/3C產品(黑)X2P,299,1
DataStone數位宅急通★滿件88折,【2件85折+免運】DigiStone 手機SIM多用途轉接卡 四合一套件+單層超薄型Slim鋁合金7格收納盒(銀色)x1組,399,0
DataStone數位宅急通★滿件88折,DigiStone 超薄型Slim鋁合金 6片裝雙層多功能記憶卡收納盒(3SD+3SD)-香檳金X1【鋁合金殼】【防靜電EVA】,599,0
DataStone數位宅急通★滿件88折,【現折50元+免運】DigiStone 手機SIM轉卡(四合一套件)+雙層超薄型Slim鋁合金1SD+8TF+SIM卡收納盒(銀)x1組,599,0
DataStone數位宅急通★滿件88折,【免運費+加贈行動電源收納袋】SONY CP-V10B 10000mAh 1.5A 行動電源X1【採Sony鋰離子聚合物技術】,1699,6
DataStone數位宅急通★滿件88折,【免運費+贈SD收納盒】TOSHIBA 64GB Micro SDXC R100MB/s U1 記憶卡(小卡)(附SD轉卡)X1【支援手機/平板/switch】,799,3
DataStone數位宅急通★滿件88折,【一日特販+免運費】SONY CP-V20B 20000mAh 2USB輸出埠 3A 行動電源(黑色)X1【採Sony鋰離子聚合物技術】,3499,0
DataStone數位宅急通★滿件88折,【限量79折+免運費】威剛 ADATA P20000D 行動電源 2.1A雙USB輸出 20000mAhX1台【LED照明行動電源】,1199,6
DataStone數位宅急通★滿件88折,【2套優惠組+免運】DigiStone 手機SIM多用途轉接卡 四合一套裝(含Nano Sim/Micro Sim/Sim轉換卡+退卡針)x2套,199,1
DataStone數位宅急通★滿件88折,【現折100元+贈創見硬碟包】創見 4TB USB3.1 2.5吋 行動硬碟 25H3P TS4TSJ25H3P 軍規三層抗震系統(紫)X1P,4699,2
DataStone數位宅急通★滿件88折,"DigiStone 超薄型Slim鋁合金 18片裝雙層多功能記憶卡收納盒(2SD+16TF)-銀X1P【鋁合金外殼】【防靜電EVA】 DigiStone 超薄型Slim鋁合金 18片裝雙層多功能記憶卡收納盒 【鋁合金外殼,輕巧耐用】【防靜電EVA材質,資料不流失】",599,0
DataStone數位宅急通★滿件88折,【免運費】DigiStone 手機SIM多用途轉接卡 四合一套裝(含Nano Sim/Micro Sim/Sim轉換卡+退卡針)x1套,149,1
DataStone數位宅急通★滿件88折,【現折50元+免運費】PQI 3合1多用途快速充電傳輸線 i-Cable(180cm)X1【採複合纖維包覆】【蘋果認證】,699,2
DataStone數位宅急通★滿件88折,【現折100元+加碼贈手機支架】RealShow Twin 高解析雙體藍芽喇叭組(黑X1+紅X1)X1組【限量10組】,2299,2
DataStone數位宅急通★滿件88折,【現折50元免運費】PQI Power Pad 101 QI 無線充電板X1台【支援iPhone 8/X/Samsung S8/ Note8/智慧型手機】,999,1
DataStone數位宅急通★滿件88折,【免運費】飛樂 機車救援線 EC5 方頭(EY-08-1) X1條【必需搭配飛樂汽車行動電源才可使用 】,599,0
DataStone數位宅急通★滿件88折,【95折+免運費】PAPAGO i3 智能高速打氣機X1台【附贈專用收納袋 & 備用保險絲 】,2299,2
DataStone數位宅急通★滿件88折,◆9折特販+加碼手機運動臂套◆錸德 RIDATA Q-68HR 全天候心律智慧藍芽運動手環(含心率功能)X1台,1499,0
DataStone數位宅急通★滿件88折,【現折100+加贈汽車保溫袋】PROBOX 車內/居家兩用高效能空氣清淨機x1【HEPA三層濾網+PM2.5/塵螨】,3499,0
DataStone數位宅急通★滿件88折,【免運】飛樂 機車救援線 EC5 圓頭(EY-08-2) X1【必需搭配飛樂汽車行動電源才可使用.無法單獨使用】,599,3
DataStone數位宅急通★滿件88折,【免運費+贈3C硬碟收納袋】創見 25M3G 1TB 2.5吋 USB3.1 軍規防震/防摔/薄型(Slim)外接式硬碟(軍綠)x1台,2299,0
DataStone數位宅急通★滿件88折,【免運費】PROBOX 空氣淨化機專用三層濾心網X1P,599,0
DataStone數位宅急通★滿件88折,【免運費】DigiStone 汽車椅背專用保溫/保冷/保冰袋x1個,399,0
DataStone數位宅急通★滿件88折,【免運費】SONY USB-A對USB-C Type-C 1.5M CP-AC150 3A高速傳輸線/充電線X1P(SONY原廠精裝盒裝),499,0
DataStone數位宅急通★滿件88折,【免運費+限量特販】Kingston 金士頓 32GB 2018 狗年生肖 隨身碟 USB3.1 32G X1【2018限量紀念平裝版】,699,3
DataStone數位宅急通★滿件88折,【免運費】SONY Micro USB 1.5M CP-ABP150 2.4A 編織充電線/傳輸線X1條(SONY原廠精裝盒裝),399,0
DataStone數位宅急通★滿件88折,【免運費+贈硬碟軟式收納包】TOSHIBA 2TB CANVIO Basics A3 USB3.0 行動碟-黑X1【第三代黑靚潮 III】,2888,3
DataStone數位宅急通★滿件88折,【2禮:16GB+SD收納盒】飛樂 Discover WP-11 隨身影音密錄器/網路攝影機/錄音/錄影/紅外線/行車紀錄器X1,2499,0
DataStone數位宅急通★滿件88折,【2禮:16GB+SD收納盒】飛樂 Discover WP-11 隨身影音密錄器/網路攝影機/錄音/錄影/紅外線/行車紀錄器X1,2499,1
DataStone數位宅急通★滿件88折,DigiStone 手機防水袋/可觸控(四邊雙層加強型)通用6.2吋以下手機x1P★四邊雙層加密★防水IPX8認證★,599,1
DataStone數位宅急通★滿件88折,【79折免運費+贈行動電源收納袋】ADATA 威剛 P12500D 行動電源 2.1A雙USB輸出 電芯容量 12500mAhX1,799,5
DataStone數位宅急通★滿件88折,【85折↘免運費】ADATA 威剛 CW0050 Qi認證 無線充電板X1台【超薄6mm機身】【Qi認證模組】,799,1
DataStone數位宅急通★滿件88折,DigiStone 手機防水袋/可觸控(四邊雙層加強型)通用6.2吋以下手機x1P★四邊雙層加密★防水IPX8認證★,599,0
DataStone數位宅急通★滿件88折,DigiStone 手機防水袋/可觸控(四邊雙層加強型)通用6.2吋以下手機x1P★四邊雙層加密★防水IPX8認證★,599,0
DataStone數位宅急通★滿件88折,DigiStone 手機防水袋/可觸控(四邊雙層加強型)通用6.2吋以下手機x1P★四邊雙層加密★防水IPX8認證★,599,0
DataStone數位宅急通★滿件88折,DigiStone 手機防水袋/可觸控(四邊雙層加強型)通用6.2吋以下手機x1P★四邊雙層加密★防水IPX8認證★,599,0
DataStone數位宅急通★滿件88折,◆批發價+免運費◆DataStone A級16X DVD-R 4.7GB 珍珠白滿版可印片X 300PCS,1999,0
DataStone數位宅急通★滿件88折,【ㄧ日特販+免運費】創見 4TB USB3.1 2.5吋 行動硬碟 25H3P TS4TSJ25H3P 軍規三層抗震系統(紫)X1P,4699,8
DataStone數位宅急通★滿件88折,【免運費】DigiStone 防水+防震加強型 16片裝(8SD+8TF)多功能記憶卡收納盒X1P【四邊防水壓條加密型】,699,0
NB人氣王★筆電24期0率滿萬折千,華為 HUAWEI Y7 Prime ◤0利率，送好禮◢ 5.99吋八核心手機(3G/32G),5999,1
DataStone數位宅急通★滿件88折,【免運費+贈3C收納袋】ADATA 威剛 ED600 USB3.1 2.5吋HDD/SSD 防震型外接盒【防震/防水/防塵】X1台 ★HDD/SSD 2.5吋 7mm/9.5mm 都可支援 ★ ★注意★此外接盒不含硬碟HDD或SSD★請自行選購硬碟HDD或SSD★,699,0
DataStone數位宅急通★滿件88折,【加碼贈USB車充座+免運費】飛樂 Discover PU300 QC3.0 無線快速充電+重力車載手機支架X1台【限量10組】,1699,1
DataStone數位宅急通★滿件88折,【免運+特販三天】飛樂 Discover PU300 QC3.0 無線快速充電+重力車載手機支架X1【加購USB車充更優惠】,1280,0
DataStone數位宅急通★滿件88折,【免運費+贈3C硬碟收納袋】創見 2TB StoreJet 25A3 USB3.1 外接硬碟X1【懸吊系統+One Touch 自動備份】,2999,6
DataStone數位宅急通★滿件88折,【免運費+贈3C收納袋】ADATA 威剛 ED600 USB3.1 2.5吋HDD/SSD 防震型外接盒【防震/防水/防塵】X1台 ★HDD/SSD 2.5吋 7mm/9.5mm 都可支援 ★ ★注意★此外接盒不含硬碟HDD或SSD★請自行選購硬碟HDD或SSD★,699,0
NB人氣王★筆電24期0率滿萬折千,Asus ZenFone Max Pro (M1) (ZB602KL) FOLIO COVER 原廠側掀皮套,990,1
NB人氣王★筆電24期0率滿萬折千,Auluxe X3 NFC 行動藍芽喇叭音箱,1780,1
NB人氣王★筆電24期0率滿萬折千,手機歡唱行動K歌隨身麥克風神器(安卓/蘋果/電腦通用),999,1
NB人氣王★筆電24期0率滿萬折千,雷射聲控激光舞台燈 ( 聖誕節 耶誕節 跨年 辦活動 迎新 演唱會 各種活動場合 必備),1990,1
NB人氣王★筆電24期0率滿萬折千,iPhone7 Lightning 轉3.5mm耳機音源轉接線,399,1
NB人氣王★筆電24期0率滿萬折千,華為 HUAWEI Type-C 快速充電器 9V/2A (含傳輸線),699,1
NB人氣王★筆電24期0率滿萬折千,USB FDD 外接式軟碟機,890,1
NB人氣王★筆電24期0率滿萬折千,Asus ZenFone Max Pro (ZB602KL) Clear Soft Bumper 原廠 透明 手機殼,580,1
NB人氣王★筆電24期0率滿萬折千,華碩 支援 M-Disc 的外接超薄 外接DVD燒錄機 SDRW-08U7M-U,2590,1
NB人氣王★筆電24期0率滿萬折千,壁掛式液晶螢幕支架 ( 壁掛架 ) -- 適用LCD14-24吋,590,1
NB人氣王★筆電24期0率滿萬折千,電腦耳機麥克風專用轉接頭 ( T420 X220 L300等機型適用),499,1
NB人氣王★筆電24期0率滿萬折千,環繞壁掛式喇叭支架 喇叭吊架 一對2個,490,2
NB人氣王★筆電24期0率滿萬折千,ASUS ZenPad 3s 10 Z500M 10吋卡斯特紋超薄三折皮套,499,1
NB人氣王★筆電24期0率滿萬折千,ASUS ZenFone 3 ZE552KL 5.5吋專用側翻立式皮套,480,1
NB人氣王★筆電24期0率滿萬折千,ASUS 原廠 W5000 輕薄無線鍵盤滑鼠組◤送筆電工作大滑鼠墊◢,1800,1
NB人氣王★筆電24期0率滿萬折千,ASUS ZenPad 8.0 Z380M ◤送皮套5件組◢ 8吋 MTK8163四核平板 2G/16G WiFi版,5590,1
NB人氣王★筆電24期0率滿萬折千,ASUS ZenPad 3s 10 Z500M ◤現貨到，刷卡◢9.7吋 MTK六核心金屬機身平板( WIFI/32G )-極致灰,11900,1
NB人氣王★筆電24期0率滿萬折千,紅外線報警器 ( 防盜器 / 警報器 )--內附2個搖控器,699,3
NB人氣王★筆電24期0率滿萬折千,Samsung Galaxy Tab A 8.0 2017 8吋四核心平板 T385 ◤刷卡◢LTE版 (2G/16G) 金色,8990,1
NB人氣王★筆電24期0率滿萬折千,液晶螢幕專用清潔組,299,1
NB人氣王★筆電24期0率滿萬折千,HS1010 數位照度計 --適合在各種場合測量周遭環境的照明度 (亮度計 測光儀 測光表 光度計),699,1
NB人氣王★筆電24期0率滿萬折千,Samsung Gear S3 Classic 智慧型手錶▼送原廠錶帶+Samsung&飛狼側背包▼,12990,1
NB人氣王★筆電24期0率滿萬折千,USB 3.1 Type-C 轉 USB 3.0 HUB 4PORT (獨立開關設計),780,1
NB人氣王★筆電24期0率滿萬折千,金士頓 HyperX Cloud Revolver S 電競耳機(HX-HSCRS-GM),5490,1
NB人氣王★筆電24期0率滿萬折千,點幣機 -- 硬幣計數 / 硬幣分類 / 硬幣計數機 / 數幣機,7500,1
NB人氣王★筆電24期0率滿萬折千,Optoma NuForce BE Live2 美學 防水 高音質 藍牙 耳機,2180,2
NB人氣王★筆電24期0率滿萬折千,瓦斯警報器(110V) -- 天然氣 洩漏感應 / 偵測警報器 / 液化石油氣 / 燃氣 / 濃度10%,1100,2
NB人氣王★筆電24期0率滿萬折千,HUAWEI MediaPad T2 7.0 7吋四核心平板 (2G/16G) LTE◤0利率◢,4990,2
NB人氣王★筆電24期0率滿萬折千,SONY 真無線運動降躁防水耳機 WF-SP700N,5380,2
NB人氣王★筆電24期0率滿萬折千,USB 56K FAX MODEM ~外接上網傳真--外置式56K數據機,890,2
NB人氣王★筆電24期0率滿萬折千,ASUS ZenPad 8吋 專用可立式皮套( Z380C / Z380KL / Z380M / Z380KNL),480,2
NB人氣王★筆電24期0率滿萬折千,Asus ZenFone Max Pro ZB602KL ◤0利率◢ 6 吋八核心智慧型手機 (6G/64G),9980,2
NB人氣王★筆電24期0率滿萬折千,USB 可摺疊軟式鍵盤 -- 109個按鍵,480,2
NB人氣王★筆電24期0率滿萬折千,ASUS ZenPower Pro 10050mAh ◤拆封福利品◢ 行動電源 行動充 隨身充,880,2
NB人氣王★筆電24期0率滿萬折千,Acer Liquid Zest Plus 5.5吋智慧型手機 MT6735 (2G/16G),4990,2
NB人氣王★筆電24期0率滿萬折千,SONY SBH24 立體聲藍牙耳機,2190,3
NB人氣王★筆電24期0率滿萬折千,立式電源插座含USB HUB 功能 4層 ( 延長線 )- 15個插座+2個USB,1280,2
NB人氣王★筆電24期0率滿萬折千,Type-C (USB 3.1) 轉 USB 3.0 OTG 轉接頭((Z580CA/ Zenfone 3 ZE552KL ZE520KL /UX360CA /K556UQ/ X556UR)),199,2
NB人氣王★筆電24期0率滿萬折千,ASUS 原廠 PEN 鋁合金主動式觸控筆 ( T102HA / T303UA / T305CA ),1990,2
NB人氣王★筆電24期0率滿萬折千,ASUS ZenPower 10050C(QC3.0) USB-C 快充輕巧行動電源,1388,2
NB人氣王★筆電24期0率滿萬折千,ASUS ZenPower Duo 3.75V / 10050mAh ◤拆封福利品◢,799,3
NB人氣王★筆電24期0率滿萬折千,ASUS ZenPower 3.75V / 10050mAh ◤拆封福利品◢ 名片型 快充 行動電源,790,6
NB人氣王★筆電24期0率滿萬折千,LCD、螢幕桌面支架 Y-5 (適用於15~22吋),1290,5
NB人氣王★筆電24期0率滿萬折千,USB外接式CD-ROM光碟機 (免外接電源),990,4
NB人氣王★筆電24期0率滿萬折千,USB 2.0 外接式 DVD-ROM Combo機(DVD光碟機 可燒錄CD),790,12
影音轟9折+專業影音施工：德昌,WIREWORLD 美國 ULTRAVIOLET 7 USB A to mini B (USM) 數位音訊線 1M 鍍銀OFC (USB2.0) 公司貨,2000,1
影音轟9折+專業影音施工：德昌,SONY BDP-S5500 3D藍光DVD多媒體播放機 送HDMI線+網路線+金士頓16G隨身碟升級終保,5990,1
影音轟9折+專業影音施工：德昌,(搶現貨) APPLE TV 4K 第五代 32G MQD22TA/A 含新Apple remote2觸控遙控器 HDR 公貨 送高級2米HDMI線,5990,1
影音轟9折+專業影音施工：德昌,(現貨)APPLE TV 全新第四代 多媒體TV BOX 32GB 含新觸控遙控器 公司貨 MR912TA/A 送HDMI線2米,5490,1
影音轟9折+專業影音施工：德昌,(新款0利率) 先鋒Pioneer BDP-180 3D藍光播放機 升頻4K 公貨 取代 送高級HDMI線2米+全區改好+發票+免運,9990,1
影音轟9折+專業影音施工：德昌,大降價 🐔 InFocus 鴻海 60吋 4K智慧連網液晶顯示器 WT-60CA612 輕薄 節能智慧背光 公司貨,38888,1
影音轟9折+專業影音施工：德昌,登錄送7-11商品卡1000 日製 SHARP 水活力空氣清淨 清淨機 KC-JH70T-W 16坪 濾網壽命10年 公貨 JH70,18900,1
影音轟9折+專業影音施工：德昌,章魚牌 865.300 木工鑽頭5支組 4-10mm,300,1
影音轟9折+專業影音施工：德昌,SONY 2013 新款3D眼鏡 被動式 TDG-500P 公貨,590,1
影音轟9折+專業影音施工：德昌,VIVITEK 麗訊 Qumi Q38 投影機 地表最強露營機 LED 600流明度 Full HD 無線網路 藍芽 公司貨,23688,1
影音轟9折+專業影音施工：德昌,快速到貨_現貨▸▸SHARP 夏普 8.5L空氣清淨除濕機 DW-H8HT-W 除濕能力8.5L 自動除菌離子 公司貨,8990,1
影音轟9折+專業影音施工：德昌,BENQ 明基 43JR700 液晶電視 護眼 4K HDR 智慧連網入門款 支援 4K 60P 高解析視覺體驗 公司貨,27700,1
影音轟9折+專業影音施工：德昌,( 現貨現金下殺 ) BenQ 明基 液晶電視 55IZ7500 55吋 LED 4K Ultra HD液晶電視 公貨 送北縣市桌裝,42888,1
影音轟9折+專業影音施工：德昌,( 福利 現貨 ) 象印 鐵板萬用鍋 EP-PAF25 火烤兩用 容量3.7L 送生活好幫手用品 公司貨,2999,1
影音轟9折+專業影音施工：德昌,( 現貨 ) 艾美特 AIRMATE FS35171 14吋直流馬達遙控立扇 DC節能 方盤 公司貨 送生活好幫手用品,1999,1
影音轟9折+專業影音施工：德昌,SONY 索尼 喇叭 SRS-XB10 可攜式 防潑灑 藍芽喇叭 EXTRA BASS™ 公司貨,2888,1
影音轟9折+專業影音施工：德昌,(NEW)SONY 音響 HT-CT390 單件式環繞家庭劇院 2.1聲道 公司貨,28900,1
影音轟9折+專業影音施工：德昌,UPMOST MIRASCREEN 雙頻機 (2.4G+5G) 無線螢幕同步鏡像分享器 原廠公司貨,2590,1
影音轟9折+專業影音施工：德昌,SONY MDR-EX15LP 密閉入耳式耳機 繽紛色 黑白藍紅 1.2m 公司貨,450,1
影音轟9折+專業影音施工：德昌,索尼 SONY XBA-N1AP 入耳式耳機 HD 混合式驅動系統 Hi-Res 公司貨,6990,1
影音轟9折+專業影音施工：德昌,PANASONIC 國際牌 F-Y12EB 除濕專用型 除濕機 6L/日 4合1清淨濾網 1級校能 公司貨,8688,2
影音轟9折+專業影音施工：德昌,回函送 (NEW) BENQ 明基 50JR700 液晶電視 50吋 4K HDR 護眼旗艦款 黑湛屏 公司貨,32888,2
影音轟9折+專業影音施工：德昌,FiiO 音源轉換器 E10K USB DAC數位類比音源轉換器 公司貨,3300,1
影音轟9折+專業影音施工：德昌,(新款0利率) 先鋒Pioneer DV-3052V DVD播放機 HDMI 1080P影像升頻 全區公貨 送高級HDMI線,2990,2
影音轟9折+專業影音施工：德昌,(預購) SONY 索尼 UBP-X700 4K 藍光播放器 4K Ultra HD Blu-ray™ 公司貨 UBPX700,13888,2
影音轟9折+專業影音施工：德昌,現貨 登錄享好禮 三星 C43J89 43吋 弧形 電競螢幕 32:10超寬屏幕 公貨 C43J890 公司貨 24期零利率,29900,2
影音轟9折+專業影音施工：德昌,ELITE SCREENS 億立 135吋 16:9 高級固定框架幕-4K透聲幕 R135WH1-A4K 公司貨 運費另計,49390,2
影音轟9折+專業影音施工：德昌,PANASONIC 國際牌 F-Y24EX 高效型除濕機 12L/日 智惠乾衣 靜音滴水 濕度值設定 公司貨,18888,2
影音轟9折+專業影音施工：德昌,( 福利現貨 ) 德國 BRITA Marella XL 馬利拉濾水壺 大容量 3.5公升 送生活好幫手用 公司貨,999,2
影音轟9折+專業影音施工：德昌,國際牌 Panasonic PT-LB353T XGA 3300流明 高對比液晶投影機 公司貨 LB3U,18800,2
影音轟9折+專業影音施工：德昌,(0利率) 登昌恆 UPF212 VGA TO TV 影像轉換器,2500,2
影音轟9折+專業影音施工：德昌,登錄送1000商品卡 (新款日製)SHARP 夏普 水活力空氣清淨 清淨機 KC-JH60T-W 14坪 濾網壽命10年 公貨JH60,16900,2
影音轟9折+專業影音施工：德昌,PX 大通 HD-8000 高畫質 數位電視接收機 1080P多媒體播放 電影 照片 音樂 環保省電 HD8000 公司貨,1970,2
影音轟9折+專業影音施工：德昌,現貨 索尼SONY SU-WL500 BRAVIA 液晶電視壁掛架 公司貨,2990,2
影音轟9折+專業影音施工：德昌,(殺)SONY BDP-S1500 藍光DVD多媒體播放機 公貨 送創見終保16GB碟+HDMI線+網路線 取代S1200,8990,2
影音轟9折+專業影音施工：德昌,現貨 PIONEER 先鋒 HDJ-X10 專業級耳罩式 DJ 監聽耳機 專為夜店及大型音樂演出的專業 DJ 而生 公司貨,13888,2
影音轟9折+專業影音施工：德昌,SENNHEISER MX 585 出色清晰度 L型耳機接頭 附音量控制功能 耳塞式耳機 白色 公司貨,1830,2
影音轟9折+專業影音施工：德昌,美國SUPER SEIMON 58 * 104 119吋 HDTV(16 : 9) M-360 中型電動式布幕 採用軸心式馬達,28900,3
影音轟9折+專業影音施工：德昌,國際 Panasonic NN-BS1000 蒸烘烤 微波爐 32L 公司貨,41000,3
影音轟9折+專業影音施工：德昌,預購 SONY 索尼 UBP-X700 4K Ultra HD Blu-ray 藍光 4K 播放機 HDR10 公司貨,9990,3
影音轟9折+專業影音施工：德昌,Castle蓋世特 防火防雷電源突波保護插座-6座3孔 A6-SB 尊爵黑,1090,6
影音轟9折+專業影音施工：德昌,PIONEER 先鋒 HDJ-X7 專業級耳罩式 DJ 監聽耳機 黑色/銀色新品上市 公司貨,7388,3
影音轟9折+專業影音施工：德昌,現貨 SONY CMT-X3CD 新款 藍芽無線CD床頭音響 白色公貨 送16GB碟 公司貨,6900,5
施華洛世奇▶新品領券折300,施華洛世奇 Lifelong 簡約優雅鍍玫瑰金色手鐲,4990,1
施華洛世奇▶新品領券折300,施華洛世奇百變魔鏈系列 Swarovski Remix Collection 純淨迷人綠色 Clover 幸運草手鍊,3490,1
施華洛世奇▶新品領券折300,施華洛世奇 Swan 優雅經典天鵝水晶耳環,3790,1
施華洛世奇▶新品領券折300,施華洛世奇百變魔鏈系列 Swarovski Remix Collection 閃亮光環鍍玫瑰金色 Round Shape 手鍊,3490,1
施華洛世奇▶新品領券折300,施華洛世奇 Heap 絢爛奪目藍色枕形水晶項鍊,4490,1
施華洛世奇▶新品領券折300,施華洛世奇 Tough 典雅時尚Y形項鍊,4990,1
施華洛世奇▶新品領券折300,施華洛世奇 Swan 高貴經典天鵝鍍白金水晶項鍊,3990,1
施華洛世奇▶新品領券折300,施華洛世奇百變魔鏈系列 Swarovski Remix Collection 魅力字母符號吊飾&白金基本鏈,3490,1
施華洛世奇▶新品領券折300,施華洛世奇百變魔鏈系列 Swarovski Remix Collection 典雅迷人鍍白金色 Timeless 手鍊,3490,2
施華洛世奇▶新品領券折300,施華洛世奇 Mine Lip 熱情搖滾紅唇鍍玫金色項鏈,3990,2
施華洛世奇▶新品領券折300,施華洛世奇 Mine Lipstick 搖滾風情多色鍍玫金手鏈,3490,2
PAPORA►50折價券現折！,拖鞋．民俗風鬚邊麻繩平底拖鞋【KV00-88】淺藍 / 桔,899,0
施華洛世奇▶新品領券折300,施華洛世奇 Vittore Marquise 典雅迷人鍍玫瑰金色戒指,2990,2
施華洛世奇▶新品領券折300,施華洛世奇百變魔鏈系列 Swarovski Remix Collection 百搭迷人鍍白金色 Swan 天鵝水晶手鍊,3490,2
PLAYBOY▶120折價券,Disney 翻玩時尚~瑪莉貓塗鴉手繪懶人鞋-粉,950,2
東京企劃►120折價券現折！,斜背包-名媛兩用貝殼包(S) 珍珠紋 肩背 包包 側背包【SBG29-B166S】S’AIME東京企劃,1780,0
東京企劃►120折價券現折！,斜背包-真皮掀蓋經典斜背包(S) 肩背包 小包 側背包 包包【SBG29-A150S】S’AIME東京企劃,2480,1
Bonjour►99元折價券現折！,(限時↘結帳後980元)BONJOUR萊卡懶人鞋☆2Way防磨腳拼接休閒鞋Lycra shoes(11色),1580,14
東京企劃►120折價券現折！,長夾-質感多隔層掀蓋長夾 糖果色 掀蓋 烤漆 皮夾 禮物【SWA29-A186L】S’AIME東京企劃,1180,2
東京企劃►120折價券現折！,手機包-真皮萬用手拿包(L) 包包 手拿包 包包 隨身包 【SWA29-A157L】S’AIME東京企劃,1280,7
東京企劃►120折價券現折！,斜背包-針扣手把波士頓包(M) 肩背 包包 側背包【SBG29-A145M】S’AIME東京企劃,2180,3
東京企劃►120折價券現折！,護照夾-真皮長條LOGO護照夾 多隔層 皮夾【SAC28-A076A】S’AIME東京企劃,1180,9
東京企劃►120折價券現折！,短夾-真皮精緻包蓋三折式短夾 短夾 包蓋 禮物 送禮 【SWA29-A182S】S’AIME東京企劃,1580,6
東京企劃►120折價券現折！,晚宴包-真皮圓形LOGO鍊條晚宴包 皮夾 手拿包 長夾 禮物 鍊條包【SWA28-A144H】S’AIME東京企劃,2280,8
東京企劃►120折價券現折！,短夾-真皮拉鍊中夾(S) 零錢 名片夾 萬用 皮夾 YKK 禮物 【WA6328-S】S’AIME東京企劃,1680,9
東京企劃►120折價券現折！,斜背包-方塊可拆手把鏈條2WAY軟包(M) 流蘇 水桶包 包包 側背包【SBG28-A083M】S’AIME東京企劃,1880,7
東京企劃►120折價券現折！,化妝包-質感手拿拉鍊化妝包 隨身包 旅行 收納包【SAC29-A196A】S’AIME東京企劃,590,17
東京企劃►120折價券現折！,零錢夾-真皮三層長形卡片零錢夾 多隔層 隨身 皮夾 名片夾 【SWA28-A041S】S’AIME東京企劃,880,30
PAPORA►50折價券現折！,休閒鞋．爆款雙色春漾透氣舒適休閒鞋【K903】黑/白,1080,0
PAPORA►50折價券現折！,涼鞋．金片簡易設計平底涼鞋【KV5858】黑 / 杏,899,2
PAPORA►50折價券現折！,涼鞋．金屬風金鍊羅馬平底涼鞋【KV6789】金 / 銀 / 黑 / 綠,899,2
PAPORA►50折價券現折！,休閒鞋．高調放閃愛心綁帶休閒鞋【KV758】黑/白(偏小),899,4
PAPORA►50折價券現折！,休閒鞋．經典綁帶平底鞋【KX08】黑/白/紅(偏小),899,8
PAPORA►50折價券現折！,休閒鞋．韓系流行閃鑽平底休閒鞋【KX12】黑/白(偏小),899,3
PAPORA►50折價券現折！,男休閒鞋．時尚綁帶愛心休閒鞋【KK136】黑/白(偏小),899,7
PAPORA►50折價券現折！,休閒鞋‧學院潮流pu面繫帶經典款休閒鞋【KY209】黑色／白色,799,11
PAPORA►50折價券現折！,休閒涼鞋‧韓風百搭平底涼鞋拖鞋【KV658】黑 / 米,899,15
PAPORA►50折價券現折！,休閒鞋．時尚寬鞋帶平底綁帶休閒鞋【KF207】黑 / 白 / 粉,899,20
PAPORA►50折價券現折！,平底鞋．氣質小巧蝴蝶尖頭平底鞋【KV1277】黑/棕/粉/綠,499,16
PAPORA►50折價券現折！,平底鞋．運動風綁帶平底休閒鞋【K8299】黑/白紅(偏小),899,24
PAPORA►50折價券現折！,涼鞋．性感不規則絨面平底涼鞋【KN7-39】黑/杏,899,28
PAPORA►50折價券現折！,拖鞋．時尚金屬感平底拖鞋兩穿鞋【K889-1】黑/米/綠,899,26
PAPORA►50折價券現折！,拖鞋‧香甜水果造型防水拖鞋【K8859】草莓,399,49
PAPORA►50折價券現折！,拖鞋‧民族風刺繡平底拖鞋【KV652】黑 / 米(偏大),899,37
PAPORA►50折價券現折！,涼鞋．彩繩編織厚底涼鞋【K465】黑 / 藍灰 / 酒紅,899,26
PAPORA►50折價券現折！,休閒鞋．綁帶耐走小白鞋【KG8633】白/白黑/白綠(偏小),899,44
PAPORA►50折價券現折！,女休閒鞋．經典不敗款休閒小白鞋帆布鞋【KC030】白色 男生/女生,799,84
PAPORA►50折價券現折！,涼鞋．現貨快出素面寬板帶百搭涼鞋【KV28】灰/白/黑,899,99
PAPORA►50折價券現折！,涼鞋．氣質絨面釦帶粗跟涼鞋【KV4839】黑 / 酒紅,899,115
PAPORA►50折價券現折！,平底拖鞋．典雅希臘風平底拖鞋【KV313】黑/白,899,118
PAPORA►50折價券現折！,休閒鞋．白底綁帶平底餅乾鞋【KT-86】黑/白/黃/紅,899,119
PAPORA►50折價券現折！,豆豆鞋‧經典不敗款流蘇平底鞋樂福鞋【K1619】黑/灰/紅/黃,588,181
Bonjour►99元折價券現折！,BONJOUR☆Ag+銀離子鞋子除臭制菌噴霧｜甜心蒼蘭280ml台灣製E.【ZDE28】I.,280,3
Bonjour►99元折價券現折！,"BONJOUR鞋子專用蠟☆新鞋不磨腳!百貨專櫃指定使用【ZTJ-007】(一塊入)I. BONJOUR皮革保養系列 PALC皮革防水保養乳液

(附海綿x1+軟布x2)
PALC皮革深層護理防水貂油
(附海綿x1+軟布x2)
PALC皮革鞋類簡易鞋油

(附海綿擦頭+軟布x2)
小木柄軟毛刷

(一組一支入)
清潔專用小海綿

(一組兩入)
麂皮專用污垢擦

(一組一入)",79,3
Bonjour►99元折價券現折！,"BONJOUR☆MIT台灣製!舒適升級5mm真皮穩足墊[防衝]專用(高跟鞋/涼拖鞋皆適用)附3M背膠E..【ZBJ-2203】I. BONJOUR☆【ZBJ-2203】舒適升級5mm真皮穩足墊”防衝”專用
(高跟鞋/涼鞋/涼拖鞋皆適用)附3M背膠 MIT專業鞋材系列
1mm(磨腳適用)
3mm (大半號或磨腳時適用)
7mm (大1號或磨腳時適用)
乳膠後跟墊
真皮隨意貼
前掌墊專用雙面膠貼   ",120,3
Bonjour►99元折價券現折！,BONJOUR☆2個重點透氣乳膠鞋墊insoles(MIT手工製)E.【ZBJ-13IN】2款I.,199,3
Bonjour►99元折價券現折！,(限時↘結帳後980元)BONJOUR舒服豆豆鞋☆日系甜心!全真皮抽繩流蘇莫卡辛鞋(5色)(35-42大尺碼),2080,4
Bonjour►99元折價券現折！,BONJOUR☆MIT台灣製造4mm可愛貓掌造型乳膠鞋墊E.【ZBJ-03IN】尺寸:35~40 I. ,250,3
Bonjour►99元折價券現折！,(限時↘結帳後980元)BONJOUR萊卡懶人鞋☆2Way防磨腳條紋布休閒鞋Lycra shoes (8色),1580,3
Bonjour►99元折價券現折！,(限時↘結帳後980元)BONJOUR裸足平底鞋☆100%真皮懶人旅行便鞋Socks shoes(9色),1980,3
Bonjour►99元折價券現折！,"BONJOUR可愛全墊☆人氣推薦超柔軟立體彈性[0.6cm厚墊設計] F.【ZSD26】6色護足墊 (35-42可裁剪)I. 真皮2.5cm增高全墊(豚皮)
立體加厚鞋墊
日本氣墊隱型內增高
柔軟6mm彈性立體全墊
少女時代2.5cm隱型半墊
足弓加厚立體乳膠全墊",148,5
Bonjour►99元折價券現折！,BONJOUR腳痛救星!全牛皮功能鞋墊☆透氣舒適真皮後踵貼.半墊.腳心墊 F.【ZSD117】I.,69,5
Bonjour►99元折價券現折！,BONJOUR日本進口美足小物☆跟鞋專用”透明鞋束帶”防止鞋子掉腳束鞋帶J.【ZE395-140】(可調尺寸)I.,235,4
Bonjour►99元折價券現折！,BONJOUR洗鞋特工☆徹底趕走髒污清潔保養雙效慕斯 (含鬃毛刷)120ml台灣製E.【ZSW12】I.,390,4
Bonjour►99元折價券現折！,(限時↘結帳後980元)(現貨)BONJOUR☆夏日限定!手作真皮2Way綁帶涼鞋Holiday Sandals (7色),2180,5
Bonjour►99元折價券現折！,BONJOUR☆MIT真皮、超黏、不掉落哪裡磨腳貼哪裡!超柔軟麂皮超黏隨意貼!E.【ZBJ-9009】I.,100,5
Bonjour►99元折價券現折！,(限時↘結帳後980元)BONJOUR萊卡懶人鞋☆2Way防磨腳輕量絨布休閒鞋(深色)Lycra shoes (6色),1580,5
Bonjour►99元折價券現折！,BONJOUR☆毛巾底吸汗防脫腳淺口隱形襪F.【ZTW247】(2色)I.,89,14
Bonjour►99元折價券現折！,BONJOUR懶人鞋帶扣☆免綁鞋帶(一組二入)台灣製E.【ZTW01】I.,50,8
Bonjour►99元折價券現折！,BONJOUR足弓加厚鞋墊☆MIT台灣製造4mm舒適真皮乳膠全墊(可修剪)E.【ZBJ-08IN】尺寸：35-42 I.,250,11
Bonjour►99元折價券現折！,BONJOUR☆MIT台灣製造3mm舒適乳膠鞋墊E.【ZBJ-12IN】(2色) I.,129,8
Bonjour►99元折價券現折！,(限時↘結帳後980元)BONJOUR萊卡懶人鞋☆2Way防磨腳輕量絨布休閒鞋(淺色)Lycra shoes (4色),1580,7
Bonjour►99元折價券現折！,(限時↘結帳後980元)BONJOUR☆超Q軟!鬆緊帶懶人休閒鞋Mama Shoes(8色),1580,13
Bonjour►99元折價券現折！,BONJOUR透氣奈米防水噴霧☆鞋子的隱形雨衣280ml台灣製E.【ZWR28】I.,360,8
Bonjour►99元折價券現折！,(限時↘結帳後980元)BONJOUR☆輕量包覆X交叉繃帶萊卡休閒鞋 (7色),1580,8
Bonjour►99元折價券現折！,BONJOUR真皮前掌空氣軟墊☆專櫃女鞋舒適的秘密武器E.【ZBJ-06IN】MIT台灣製造(尺寸:S~L) I. ,88,6
Bonjour►99元折價券現折！,(限時↘結帳後980元)(現貨)BONJOUR☆寬腳OK!小流蘇休閒平底鞋Comfort Loafers (6色),2080,9
Bonjour►99元折價券現折！,(限時↘結帳後980元)(現貨)BONJOUR超好穿靜音高跟鞋☆全新升級顯瘦8cm輕量版 (6色),1580,6
Bonjour►99元折價券現折！,"BONJOUR厚度3mm真皮後踵貼☆MIT真皮、超黏、不掉落-鞋子""大半號""專用 E.【ZBJ-2101】I. ☆Bonjour☆MIT真皮、超黏、不掉落【ZBJ-2101】鞋子買太大!
腳寬不能塞前掌墊""大半號""專用3mm厚度真皮後踵貼",99,7
Bonjour►99元折價券現折！,(限時↘結帳後980元)BONJOUR☆韓妞必備!厚底異材質拼接ONI休閒鞋(3色),2080,9
Bonjour►99元折價券現折！,(限時↘結帳後980元)BONJOUR百搭不NG牛津鞋☆低跟柔軟全真皮平底鞋(4色),2080,12
Bonjour►99元折價券現折！,(限時↘結帳後980元)BONJOUR磨腳Out!超好穿2WAY真皮懶人鞋☆休閒平底鞋(3色),2080,12
Bonjour►99元折價券現折！,(限時↘結帳後980元)(現貨)BONJOUR☆ALL DAY超輕量萊卡健走休閒鞋Walking Shoes| C.(7色),1580,12
Bonjour►99元折價券現折！,"BONJOUR☆MIT真皮超黏不掉落-鞋子買太大!""大一號""專用7mm厚真皮後踵貼E.【ZBJ-2111】I. ☆Bonjour☆MIT真皮、超黏、不掉落【ZBJ-2111】鞋子買太大!
腳寬不能塞前掌墊""大一號""專用7mm厚度真皮後踵貼 保證!

本系列商品均為MIT台灣製造

使用3M專業黏膠,超黏、超好用。

磨腳及調整鞋子時可以使用,效果明顯改善!!    ",120,12
Bonjour►99元折價券現折！,(限時↘結帳後980元)BONJOUR手工麂皮豆豆鞋☆內裡厚墊真皮平底鞋(5色) (35-42大尺碼),2080,10
Bonjour►99元折價券現折！,(限時↘結帳後980元)BONJOUR萊卡懶人鞋☆2Way防磨腳壓花布休閒鞋Lycra shoes (4色),1580,10
Bonjour►99元折價券現折！,BONJOUR漫步雲端豆豆鞋墊☆MIT台灣製7mm超厚乳膠(腳心加厚設計)真皮全墊E.【ZBJ-02IN】尺寸:35~40 I.,269,16
Bonjour►99元折價券現折！,(限時↘結帳後980元)BONJOUR超好穿靜音高跟鞋(婚禮派對系列)☆鞋墊加厚1.5cm防水台穩足跟鞋(5色),2080,13
Bonjour►99元折價券現折！,(限時↘結帳後980元)BONJOUR約會實穿5.5cm靜音百搭中跟鞋☆立體腳墊穩足款(5色),1580,17
Bonjour►99元折價券現折！,(限時↘結帳後980元)BONJOUR美肌粉底液高跟鞋☆6cm穩足彈力靜音款Foundations Shoes(4色),1580,17
Bonjour►99元折價券現折！,(限時↘結帳後1280元)BONJOUR☆超修飾!3cm鬆緊帶尖頭內增高休閒鞋hidden heel shoes(5色),2064,20
Bonjour►99元折價券現折！,(限時↘結帳後980元)BONJOUR☆超穩!天生模豆6cm彈力靜音高跟鞋(深色)Model Shoes(7色),1580,26
Bonjour►99元折價券現折！,(限時↘結帳後980元)BONJOUR舒服豆豆鞋☆日系甜心!全真皮抽繩流蘇莫卡辛鞋(7色)(35-42大尺碼),2080,29
Bonjour►99元折價券現折！,(限時↘結帳後980元)BONJOUR☆好透氣!穿脫方便網布懶人休閒鞋slip on(5色),1580,31
Bonjour►99元折價券現折！,(限時↘結帳後980元)BONJOUR去旅行裸足休閒鞋☆0.3cm超薄真皮平底鞋Socks shoes (8色),1580,39
施華洛世奇▶新品領券折300,施華洛世奇 Canopy 華麗浪漫多色鍍白金色穿孔耳環,5990,0
施華洛世奇▶新品領券折300,施華洛世奇 Little Penguin 趣味別緻鍍玫金色企鵝鏈墜,3490,0
Bonjour►99元折價券現折！,(限時↘結帳後980元)BONJOUR超好搭2WAY懶人鞋☆磨腳Out真皮休閒平底鞋(2色),2080,86
Bonjour►99元折價券現折！,(限時↘結帳後1080元)BONJOUR☆+4cm完美比例厚底輕量休閒鞋(7色),1741,38
施華洛世奇▶新品領券折300,施華洛世奇 Lollypop 華麗迷人黑色鍍玫金色項鏈,4490,0
施華洛世奇▶新品領券折300,施華洛世奇 Lollypop 華麗迷人黑色鍍白金色項鏈,4490,0
Bonjour►99元折價券現折！,(限時↘結帳後1080元)(現貨)BONJOUR☆免綁鞋帶+3cm魔鬼粘懶人厚底鞋(4色),1741,39
Bonjour►99元折價券現折！,(限時↘結帳後980元)BONJOUR☆2種穿法!超止滑全真皮涼拖鞋Sandals (5色),2080,69
施華洛世奇▶新品領券折300,施華洛世奇 Maxi 現代時尚Y形多色鍍淡金色項鏈,6490,0
施華洛世奇▶新品領券折300,施華洛世奇 Duo Evil Eye 典雅別緻鍍玫金惡魔之眼Y形項鏈,4490,0
施華洛世奇▶新品領券折300,施華洛世奇 Lollypop 簡約時尚鍍玫金色手鐲,4990,0
施華洛世奇▶新品領券折300,施華洛世奇 Admiration Rondelle 耀眼華麗多色鍍玫金色鏈墜,8990,0
施華洛世奇▶新品領券折300,施華洛世奇 Little Snow Owl 趣味別緻鍍淡金色鏈墜,3490,0
梨衣莎▶全店249免運,皇冠雙層百搭多變迷人戒指,1280,4
梨衣莎▶全店249免運,施華洛世奇元素水晶流轉時空極光環項鍊,3680,2
梨衣莎▶全店249免運,經典羅馬數字優雅名媛鈦鋼手環,1980,5
梨衣莎▶全店249免運,高級18K金電鍍強力吸金招財貔貅金戒指,1280,2
梨衣莎▶全店249免運,永恆守護匠心精雕動態幻影項鍊,1680,8
施華洛世奇▶新品領券折300,施華洛世奇 Duo Evil Eye 耀眼華麗惡魔之眼穿孔耳環,4990,0
施華洛世奇▶新品領券折300,施華洛世奇 Maxi 優雅經典多色鍍淡金色滑動式穿孔耳環,5990,0
梨衣莎▶全店249免運,初戀回憶再說100次我愛你微雕光投影項鍊,1280,15
施華洛世奇▶新品領券折300,施華洛世奇 Lollypop 浪漫典雅多色鍍玫金色穿孔耳環,7990,0
梨衣莎▶全店249免運,旋彩奢華閃耀鋯石旋轉戒指,1280,23
施華洛世奇▶新品領券折300,施華洛世奇 Duo Moon 嫵媚迷人多色穿孔耳環,4490,0
施華洛世奇▶新品領券折300,施華洛世奇 Zodiac 簡約精緻鍍白金色天秤座梨形項鍊,3990,0
施華洛世奇▶新品領券折300,施華洛世奇 Stone 浪漫瑰麗鍍玫金色穿孔耳環套組,8990,0
施華洛世奇▶新品領券折300,施華洛世奇 Duo Moon 時尚浪漫鍍多色Y形項鏈,4990,0
施華洛世奇▶新品領券折300,施華洛世奇 Melt Your Heart Key 浪漫精緻鍍玫金色穿孔耳環,4990,0
施華洛世奇▶新品領券折300,施華洛世奇百變魔鏈系列 Swarovski Remix Collection 瑰麗迷人多色設計鍍玫瑰金色 Purple 手鍊,3490,0
施華洛世奇▶新品領券折300,施華洛世奇 Canopy 璀璨時滑動式穿孔耳環,4990,0
施華洛世奇▶新品領券折300,施華洛世奇 Canopy 簡約別緻 多色鍍白金色Y形項鏈,4990,1
施華洛世奇▶新品領券折300,施華洛世奇 Mickey & Minnie 浪漫別緻米妮多色鍍玫金穿孔耳環,2490,1
施華洛世奇▶新品領券折300,施華洛世奇 Mine 熱情耀眼紅唇鍍玫金色項鏈,4990,1
施華洛世奇▶新品領券折300,施華洛世奇 Mickey & Minnie 典雅別緻米妮多色鍍玫金鏈墜,3990,1
施華洛世奇▶新品領券折300,施華洛世奇百變魔鏈系列 Swarovski Remix Collection 閃亮迷人鍍玫瑰金色 Happy 手鍊,3490,1
施華洛世奇▶新品領券折300,施華洛世奇 Lovely 典雅醉人鍍玫瑰金色手鍊,4990,0
施華洛世奇▶新品領券折300,施華洛世奇 Sparkling Dance Star 驚豔奪目鍍白金色星形耳釘,3490,1
施華洛世奇▶新品領券折300,施華洛世奇 Sparkling Dance Heart 閃亮跳耀心形玫瑰金水晶項鍊,4990,1
施華洛世奇▶新品領券折300,施華洛世奇 Admiration 璀璨精緻白色鍍玫金色手鏈中碼,5990,1
施華洛世奇▶新品領券折300,施華洛世奇 Teddy 經典浪漫鍍白金色小熊鏈墜,4990,1
施華洛世奇▶新品領券折300,施華洛世奇百變魔鏈系列 Swarovski Remix Collection 優雅亮麗多色設計鍍玫瑰金色 Orange 手鍊,3490,1
施華洛世奇▶新品領券折300,施華洛世奇 Mine 華麗炫目單件桃粉鍍白金色穿孔耳環,3490,1
施華洛世奇▶新品領券折300,施華洛世奇 Iconic Swan 經典高雅黑天鵝水晶珍珠花托耳環組,4490,1
施華洛世奇▶新品領券折300,施華洛世奇百變魔鏈系列 Swarovski Remix Collection 典雅迷人鍍玫瑰金色 Infinity Symbol 手鍊,3490,1
施華洛世奇▶新品領券折300,施華洛世奇 Lovely 百搭迷人鍍白金色項鍊,4990,1
PLAYBOY▶120折價券,Disney 活力拍檔 奇奇蒂蒂輕便懶人鞋-黑,1080,0
施華洛世奇▶新品領券折300,施華洛世奇 Duo Wing 玫瑰金羽翼水晶項鍊,3990,1
PLAYBOY▶120折價券,Disney 經典手套~彩色織點休閒懶人鞋-粉,950,1
PLAYBOY▶120折價券,PLAYBOY 潮流最IN 極簡仿皮綁帶休閒鞋-藍,1380,0
PLAYBOY▶120折價券,Disney 率性小日子 米奇側邊迷彩懶人鞋-白,950,1
PLAYBOY▶120折價券,Disney 淘氣米奇 造型電繡銀蔥懶人鞋-灰,1280,0
PLAYBOY▶120折價券,DISNEY 米妮手繪風 蝴蝶結 懶人鞋 -桃,980,3
PLAYBOY▶120折價券,PLAYBOY 閃耀芒星 慢跑運動休閒鞋-黑,2680,0
PLAYBOY▶120折價券,PLAYBOY 潮流最IN 極簡仿皮綁帶休閒鞋-粉,1380,4
PLAYBOY▶120折價券,PLAYBOY 甜美時光 滿版貓咪微尖楦頭休閒鞋-黑,1380,7
PLAYBOY▶120折價券,PLAYBOY 甜美時光 滿版貓咪微尖楦頭休閒鞋-白,1380,16
PLAYBOY▶120折價券,Disney 心動瞬間 奇奇蒂蒂電繡懶人鞋-黑,950,28
PLAYBOY▶120折價券,Disney 獨一無二~米奇不對稱厚底休閒鞋-白,1280,24
PLAYBOY▶120折價券,Disney 心動瞬間 奇奇蒂蒂電繡懶人鞋-灰,950,26
PLAYBOY▶120折價券,Disney 心動瞬間 奇奇蒂蒂電繡懶人鞋-藍,950,31
pop_store,title,price,num,enqueue_date
a la sha►滿千折百累計,a la sha 圈圈動物針織外套,1490,22,2018-09-02
a la sha►滿千折百累計,a la sha Qummi 嘎比回憶錄創意短袖棉T,990,24,2018-09-02
a la sha►滿千折百累計,a la sha 大象與家族大包包,1390,30,2018-09-02
Concrete Surf►全館9折,Hurley KOKO HAT 棒球帽-藍(女),1180,0,2018-09-02
a la sha►滿千折百累計,a la sha 大熊熊與家族收納包,790,36,2018-09-02
Concrete Surf►全館9折,Hurley LOWRIDER KOKO BEACH SHORT 休閒短褲-黑(女),1680,0,2018-09-02
Concrete Surf►全館9折,Hurley Q/D PENDLETON GLACIER HIGH NECK SURF TOP 比基尼 TOP-白(女),3080,0,2018-09-02
Concrete Surf►全館9折,Hurley ESTUARY T恤-(男),1080,0,2018-09-02
a la sha►滿千折百累計,a la sha Qummi 繽紛格紋塗鴉七巧板短T,890,5,2018-09-02
Concrete Surf►全館9折,Hurley QUICK DRY KOKO TRI SURF TOP 比基尼 TOP-(女),2580,1,2018-09-02
a la sha►滿千折百累計,a la sha 圈圈家族動物旅行萬用收納包,990,7,2018-09-02
玩具反斗城⭐樂高獨家販售1995起,玩具反斗城 【Universe Of Imagination】150pcs桶裝積木,1209,0,2018-09-02
玩具反斗城⭐樂高獨家販售1995起,玩具反斗城 HATCHIMALS 魔法寵物蛋-雙胞胎遊戲組(A),3899,0,2018-09-02
玩具反斗城⭐樂高獨家販售1995起,玩具反斗城 LEGO樂高 70616 TRU EXCLUSIVE ICE TANK 冰忍的巨冰坦克,3499,0,2018-09-02
玩具反斗城⭐樂高獨家販售1995起,玩具反斗城 【STATS】 羽球拍組/款,299,0,2018-09-02
Gap►輸碼滿$376現折188,Gap女嬰幼童 純棉青年布柔軟荷葉邊短袖洋裝 307347-精紡斜紋布,999,0,2018-09-02
Gap►輸碼滿$376現折188,Gap女嬰幼童 彈力針織圖案九分內搭褲 259365-童趣多彩,449,0,2018-09-02
Gap►輸碼滿$376現折188,Gap男童 基本款牛津布柔軟紐扣長袖襯衫 699648-牛津藍,899,0,2018-09-02
Gap►輸碼滿$376現折188,Gap男童 純棉印花休閒長袖T恤 兒童圖案內搭上衣370803-北京,799,0,2018-09-02
Gap►輸碼滿$376現折188,Gap女裝 莫代爾柔軟背心式無袖洋裝女 335349-海軍藍條紋,999,0,2018-09-02
Gap►輸碼滿$376現折188,Gap男童 舒適純棉青年布長袖襯衫 249821-中度水洗,999,0,2018-09-02
Gap►輸碼滿$376現折188,Gap女嬰幼童 縮褶寬肩帶牛仔洋裝 307364-精紡斜紋布,999,1,2018-09-02
Gap►輸碼滿$376現折188,Gap女嬰幼童 印花荷葉邊柔軟休閒短袖T恤 259379-甲蟲圖案,449,1,2018-09-02
Gap►輸碼滿$376現折188,Gap女嬰幼童 純棉印花基本款長袖T恤 兒童內搭上衣356426-濃情奶白色,499,1,2018-09-02
Gap►輸碼滿$376現折188,Gap男女嬰兒 純棉純色熊耳連帽針織開襟衫 215587-淺灰,999,2,2018-09-02
Gap►輸碼滿$376現折188,Gap男童 刷毛迷彩LOGO圖案短褲 237840-綠色迷彩,799,2,2018-09-02
Gap►輸碼滿$376現折188,Gap女嬰兒 甜美荷葉邊鏤空小飛袖洋裝 283121-藍色條紋,1499,5,2018-09-02
Gap►輸碼滿$376現折188,Gap男嬰幼童 牛津紡領尖紐扣長袖襯衫 911790-天藍色,799,2,2018-09-02
Gap►輸碼滿$376現折188,Gap女裝 雅致系帶裝飾七分袖褶皺長袖洋裝 260201-黃色圖案,1699,2,2018-09-02
Gap►輸碼滿$376現折188,Gap男女嬰兒 布萊納小熊刺繡純棉短袖包屁衣三件裝 595584-淺色石楠灰,999,4,2018-09-02
Gap►輸碼滿$376現折188,Gap x Disney女嬰幼童 迪士尼系列米妮連帽運動衫 298614-米妮老鼠圖案,1299,5,2018-09-02
Gap►輸碼滿$376現折188,Gap男嬰幼童 Logo Global Remix系列 圆领短袖T恤 336070-航海藍,699,4,2018-09-02
Gap►輸碼滿$376現折188,Gap女裝 條紋圓領修身短袖T恤 296120-藍色條紋,999,4,2018-09-02
Gap►輸碼滿$376現折188,Gap男童 純棉基本款圖案圓領短袖T恤 310553-亮孔雀石綠,699,7,2018-09-02
Gap►輸碼滿$376現折188,Gap女裝 時尚中腰緊身牛仔褲 192728-水洗色,2499,11,2018-09-02
Gap►輸碼滿$376現折188,Gap女裝 休閒莫代爾柔軟短袖T恤式洋裝女 297703-粉色條紋,1299,7,2018-09-02
Gap►輸碼滿$376現折188,Gap女裝 Logo系列純棉金屬感圓領短袖T恤 215888-恬靜羽白色,899,8,2018-09-02
Gap►輸碼滿$376現折188,Gap男嬰幼童 基本款撞色柔軟無袖背心式上衣 260319-光感亮白,499,11,2018-09-02
Gap►輸碼滿$376現折188,Gap女嬰幼童 布萊納小熊刺繡童趣精選系列純色內搭褲 805024-冰粉色,499,10,2018-09-02
Gap►輸碼滿$376現折188,Gap男裝 簡約風格休閒短褲 228605-煙灰色,1299,12,2018-09-02
Gap►輸碼滿$376現折188,Gap男嬰幼童 基本款撞色柔軟無袖背心式上衣 260319-靛藍色,499,14,2018-09-02
Gap►輸碼滿$376現折188,Gap男童 基本款深色水洗緊身窄管牛仔褲 325805-中度水洗,1299,19,2018-09-02
Gap►輸碼滿$376現折188,Gap男女嬰兒 趣味童趣圖案短袖包屁衣 230087-光感亮白,499,16,2018-09-02
Gap►輸碼滿$376現折188,Gap男童 Logo系列鯊魚圖案圓領短袖T恤 305789-光感亮白,699,30,2018-09-02
Gap►輸碼滿$376現折188,Gap男嬰幼童 純棉拼色Gap Logo基本款圖案短袖T恤 260246-檸檬黃,499,19,2018-09-02
Gap►輸碼滿$376現折188,Gap男嬰幼童 基本款純棉柔軟鬆緊腰短褲 215139-藏青色,499,84,2018-09-02
Gap►輸碼滿$376現折188,Gap男嬰幼童 1969牛仔系列柔軟丹寧牛仔長褲 230862-中度水洗,1299,27,2018-09-02
Gap►輸碼滿$376現折188,Gap女嬰兒 基本款純棉繡花鏤空蝴蝶袖包屁衣 230706-淺粉色,499,43,2018-09-02
Gap►輸碼滿$376現折188,Gap男嬰幼童 小熊刺繡純棉條紋口袋短袖T恤 249899-靛藍色,499,26,2018-09-02
Gap►輸碼滿$376現折188,Gap女裝 基本款純色V領純棉短袖T恤女裝 283152-石楠灰,699,84,2018-09-02
Gap►輸碼滿$376現折188,Gap女裝 純棉復古水洗短袖圓領基本款T恤 231912-純正黑色,699,64,2018-09-02
永昌文具 ☛ 全面限時98折,【3M】 3040 白膠 40g / 瓶,20,6,2018-09-02
永昌文具 ☛ 全面限時98折,【破盤價】SDI 手牌 1200 10號釘書針 / 盒,10,9,2018-09-02
永昌文具 ☛ 全面限時98折,【LYRA】 GROOVE 1760100 三角洞洞鉛筆HB/2B(細) 12入 /盒,120,10,2018-09-02
永昌文具 ☛ 全面限時98折,PLUS 普樂士 34-763 30度弧線不沾膠剪刀 / 支,82,5,2018-09-02
永昌文具 ☛ 全面限時98折,彩之舞 HY–A20 優質噴墨專用紙–防水 115g A4 100張入 / 包,250,26,2018-09-02
永昌文具 ☛ 全面限時98折,PLUS 普樂士 NS-108S 口紅膠 8g /支,15,18,2018-09-02
永昌文具 ☛ 全面限時98折,日本原裝進口 COPIC Ciao 第三代 圓桿麥克筆 36 Color Set A 36色 A色系 盒裝 /盒 (原廠公司貨),2633,5,2018-09-02
永昌文具 ☛ 全面限時98折,COX CR-2000 塑膠直尺-20cm / 支,8,8,2018-09-02
永昌文具 ☛ 全面限時98折,促銷 【永昌文具】SDI 手牌 i-PULO ECT-104R ECT-105R ECT-106R 修正內帶 / 個,40,59,2018-09-02
永昌文具 ☛ 全面限時98折,【破盤價】雄獅 NO.88 簽字筆 / 支,10,20,2018-09-02
永昌文具 ☛ 全面限時98折,【破盤價】PLUS 普樂士 30-111 10號釘書針 / 盒,8,9,2018-09-02
永昌文具 ☛ 全面限時98折,【Pentel飛龍】SXNS15 自動螢光筆 1.0~4.5mm /支,40,20,2018-09-02
永昌文具 ☛ 全面限時98折,利百代 SR-C031 可愛家族非PVC安全無毒抗菌橡皮擦(藍) / 個,15,5,2018-09-02
永昌文具 ☛ 全面限時98折,【永昌文具】(限量促銷) 雄獅No.200奇異筆(1.3 mm)(12支/打)(可配色),240,16,2018-09-02
永昌文具 ☛ 全面限時98折,3M 502S (12 x 40yd)超透明膠帶 / 捲,15,6,2018-09-02
永昌文具 ☛ 全面限時98折,(促銷)足勇44003 足讚T-40事務用剪刀 (隨機出貨) / 支,40,44,2018-09-02
永昌文具 ☛ 全面限時98折,SIMBALION 雄獅 GU-401 可水洗 無毒 超黏 白膠 40g /瓶,10,20,2018-09-02
永昌文具 ☛ 全面限時98折,O.B. Silk-ball自動原子筆0.7 / 0.48mm (20支/盒) OB#1207 / 1248,168,8,2018-09-02
永昌文具 ☛ 全面限時98折,【Pentel飛龍】ZETH07 ZETL07 ZETS07 AIN長型橡皮擦 /個,15,18,2018-09-02
永昌文具 ☛ 全面限時98折,(促銷) LEVEL立榮 L-88 原子筆0.5mm 支 / 2支/ 組,10,17,2018-09-02
永昌文具 ☛ 全面限時98折,(促銷) LEVEL 立榮 L-77 原子筆 支 / 2支 / 組,10,18,2018-09-02
永昌文具 ☛ 全面限時98折,雄獅可擦拭螢光筆 FM-880 / 支,15,22,2018-09-02
永昌文具 ☛ 全面限時98折,促銷價 『3M』Scotch 巧兔造型 SM2-R 桌上型膠台 /組 ( 附2捲3/4膠帶 ),190,10,2018-09-02
永昌文具 ☛ 全面限時98折,【破盤價】雄獅 10號訂書針 2盒入 / 組,16,21,2018-09-02
永昌文具 ☛ 全面限時98折,【Pentel飛龍】S512 螢光筆 /支,18,22,2018-09-02
永昌文具 ☛ 全面限時98折,雄獅口紅膠 GS-104 / 支,15,11,2018-09-02
永昌文具 ☛ 全面限時98折,COX CR-1500 塑膠直尺-15cm / 支,7,13,2018-09-02
永昌文具 ☛ 全面限時98折,【Pentel飛龍】ZEH-05 標準型橡皮擦 /個,10,51,2018-09-02
永昌文具 ☛ 全面限時98折,日本 LION NO.510 半砂 橡皮擦 ( 鉛筆 原子筆 鋼筆 用 ) /個,40,15,2018-09-02
永昌文具 ☛ 全面限時98折,LEVEL立榮 L-88 原子筆0.5mm / 支,10,45,2018-09-02
永昌文具 ☛ 全面限時98折,【Double A】 A4影印紙A&a 白色 (70磅) 500張入/包 10包/箱 (請勿選超商取貨),1000,7,2018-09-02
永昌文具 ☛ 全面限時98折,【促銷下殺】日本 KOKUYO 無針訂書機美壓版5枚 SLN-MPH105 / 支,450,8,2018-09-02
永昌文具 ☛ 全面限時98折,【促銷】日本品牌OB原子筆OB-100 (/支),10,47,2018-09-02
永昌文具 ☛ 全面限時98折,TEMPO 節奏 H-106 螢光筆 / 支,10,40,2018-09-02
永昌文具 ☛ 全面限時98折,即日起特賣回饋客戶 【隔日配】Faber-Castell 輝柏 115937 水性彩色鉛筆 (鐵盒裝) 36色入 /盒,620,7,2018-09-02
永昌文具 ☛ 全面限時98折,雄獅蠟彩螢光筆 FPC-515 / 支,15,35,2018-09-02
永昌文具 ☛ 全面限時98折,【永昌文具】(限量促銷) 雄獅 No.600奇異筆(1 mm)(12支/打),180,15,2018-09-02
永昌文具 ☛ 全面限時98折,PILOT 百樂 WMBM-12L 可換卡水白板筆(中字) / 支,45,103,2018-09-02
永昌文具 ☛ 全面限時98折,【限時促銷】SDI 手牌 0172 可換刀電動削鉛筆機 (顏色隨機出貨) / 台,1800,8,2018-09-02
永昌文具 ☛ 全面限時98折,L型文件夾 E310 (12個/包),28,43,2018-09-02
永昌文具 ☛ 全面限時98折,【FABER-CASTELL】輝柏 188733 彩色鉛筆 專用 橡皮擦 /個 ( 188920 更新 ),20,15,2018-09-02
永昌文具 ☛ 全面限時98折,MontBlanc 萬寶龍 refill Rollerball 鋼珠筆筆芯 / 支 下單前請詳閱內文說明,250,11,2018-09-02
永昌文具 ☛ 全面限時98折,STABILO 德國天鵝 1191N 黑色環保橡皮擦-小 / 個,15,38,2018-09-02
永昌文具 ☛ 全面限時98折,日本原裝 TOMBOW 蜻蜓牌 MONO PE-01AB 極黑橡皮擦 小 /個,15,23,2018-09-02
玩具反斗城⭐樂高獨家販售1995起,玩具反斗城【MEGA BLOKS 美高】80片積木袋 (藍),1099,0,2018-09-02
永昌文具 ☛ 全面限時98折,嘸蝦米 (無蝦米) 輸入法 J 標準版 /套 ( Windows 版本),1307,11,2018-09-02
玩具反斗城⭐樂高獨家販售1995起,玩具反斗城 互動寵物猴/手指猴 (款),699,0,2018-09-02
永昌文具 ☛ 全面限時98折,利百代 7600 紙捲油蠟筆 (單色) 12支入 / 盒,300,127,2018-09-02
永昌文具 ☛ 全面限時98折,(促銷)11孔內頁(台灣製) 100張 /包,200,51,2018-09-02
永昌文具 ☛ 全面限時98折,限時促銷 【萬事捷】 1330 護貝膜 A4 亮面 護貝膠膜 216X303mm -100張 /盒,900,59,2018-09-02
玩具反斗城⭐樂高獨家販售1995起,玩具反斗城 您好!我是頑皮的刺蝟Dochi,1195,1,2018-09-02
玩具反斗城⭐樂高獨家販售1995起,玩具反斗城 OCTONAUTS 海底小縱隊-歡樂章魚堡,1799,1,2018-09-02
玩具反斗城⭐樂高獨家販售1995起,玩具反斗城 You&Me娃娃照護30件組,449,1,2018-09-02
玩具反斗城⭐樂高獨家販售1995起,玩具反斗城 魔法廚房-歡樂漢堡店,1499,2,2018-09-02
NB人氣王★筆電24期0率滿萬折千,Asus ZenFone Max Pro (M1) (ZB602KL) FOLIO COVER 原廠側掀皮套,990,1,2018-09-02
NB人氣王★筆電24期0率滿萬折千,"華為 HUAWEI Y7 Prime ◤0利率,送好禮◢ 5.99吋八核心手機(3G/32G)",5999,1,2018-09-02
NB人氣王★筆電24期0率滿萬折千,USB FDD 外接式軟碟機,890,1,2018-09-02
NB人氣王★筆電24期0率滿萬折千,華碩 WT205 奢華時尚無線光學滑鼠,880,1,2018-09-02
NB人氣王★筆電24期0率滿萬折千,Auluxe X3 NFC 行動藍芽喇叭音箱,1780,1,2018-09-02
NB人氣王★筆電24期0率滿萬折千,Asus ZenFone Max Pro (ZB602KL) Clear Soft Bumper 原廠 透明 手機殼,580,1,2018-09-02
NB人氣王★筆電24期0率滿萬折千,ASUS UX331UAL-0051D8250U ◤0利率◢13.3吋FHD超輕薄ZenBook (i5-8250U/8G/512G SSD/W10),39900,1,2018-09-02
NB人氣王★筆電24期0率滿萬折千,USB 夾式可充電二用風扇 三段變速(內附可充電式鋰電池),480,1,2018-09-02
NB人氣王★筆電24期0率滿萬折千,環繞壁掛式喇叭支架 喇叭吊架 一對2個,490,2,2018-09-02
NB人氣王★筆電24期0率滿萬折千,飛機耳機轉接頭 / 航空耳機轉換耳機孔,499,2,2018-09-02
NB人氣王★筆電24期0率滿萬折千,金士頓 HyperX Cloud Alpha 電競耳機(HX-HSCA-RD/AS),3990,1,2018-09-02
NB人氣王★筆電24期0率滿萬折千,ASUS ZenPad 8.0 Z380 原廠專用可立式皮套 (Z380C / Z380KL / Z380M / Z380KNL),690,1,2018-09-02
NB人氣王★筆電24期0率滿萬折千,雷射聲控激光舞台燈 ( 聖誕節 耶誕節 跨年 辦活動 迎新 演唱會 各種活動場合 必備),1990,1,2018-09-02
NB人氣王★筆電24期0率滿萬折千,華為 HUAWEI Type-C 快速充電器 9V/2A (含傳輸線),699,1,2018-09-02
NB人氣王★筆電24期0率滿萬折千,ASUS 原廠 W5000 輕薄無線鍵盤滑鼠組◤送筆電工作大滑鼠墊◢,1800,1,2018-09-02
NB人氣王★筆電24期0率滿萬折千,ASUS ZenPad 8吋 三折立式皮套( Z380C / Z380KL / Z380M / Z380KNL),480,1,2018-09-02
NB人氣王★筆電24期0率滿萬折千,ASUS UX430UN-0101A8250U ◤刷卡◢ 14吋ZenBook (i5-8250U/8G/512G SSD/Nvidia MX 150 2G) 石英灰,40900,1,2018-09-02
NB人氣王★筆電24期0率滿萬折千,ASUS ZenPad 10 10吋四核心平板 Z301M (2G/16G) WiFi ◤送皮套5件組◢,7990,1,2018-09-02
NB人氣王★筆電24期0率滿萬折千,華碩 支援 M-Disc 的外接超薄 外接DVD燒錄機 SDRW-08U7M-U,2590,1,2018-09-02
NB人氣王★筆電24期0率滿萬折千,金士頓 HyperX Cloud Revolver S 電競耳機(HX-HSCRS-GM),5490,1,2018-09-02
NB人氣王★筆電24期0率滿萬折千,ASUS 華碩 ZenPad C 7.0 Z170CX 7吋追劇神器 四核心平板 8GB WIFI版,3990,1,2018-09-02
NB人氣王★筆電24期0率滿萬折千,點幣機 -- 硬幣計數 / 硬幣分類 / 硬幣計數機 / 數幣機,7500,1,2018-09-02
NB人氣王★筆電24期0率滿萬折千,ACER Iconia One 10 B3-A40卡斯特紋超薄三折皮套,499,1,2018-09-02
NB人氣王★筆電24期0率滿萬折千,USB Type-C USB 3.1 Micro USB 二合一傳輸線,480,1,2018-09-02
NB人氣王★筆電24期0率滿萬折千,SAMSUNG Galaxy Tab E 8.0 8吋四核心平板◤送皮套5件組◢ LTE版 16G ( T3777 ),8990,1,2018-09-02
NB人氣王★筆電24期0率滿萬折千,ASUS ZenPad C 7吋三折立式皮套 ( Z170C / Z170CG),490,1,2018-09-02
NB人氣王★筆電24期0率滿萬折千,ASUS ZenPad 3s 10 Z500KL 卡斯特紋三折皮套,480,1,2018-09-02
NB人氣王★筆電24期0率滿萬折千,ASUS 原廠 PEN 鋁合金主動式觸控筆 ( T102HA / T303UA / T305CA ),1990,2,2018-09-02
NB人氣王★筆電24期0率滿萬折千,SONY 真無線運動降躁防水耳機 WF-SP700N,5380,2,2018-09-02
NB人氣王★筆電24期0率滿萬折千,USB 56K FAX MODEM ~外接上網傳真--外置式56K數據機,890,2,2018-09-02
NB人氣王★筆電24期0率滿萬折千,Type-C (USB 3.1) 轉 USB 3.0 OTG 轉接頭((Z580CA/ Zenfone 3 ZE552KL ZE520KL /UX360CA /K556UQ/ X556UR)),199,2,2018-09-02
NB人氣王★筆電24期0率滿萬折千,紅外線報警器 ( 防盜器 / 警報器 )--內附2個搖控器,699,3,2018-09-02
NB人氣王★筆電24期0率滿萬折千,Optoma NuForce BE Live2 美學 防水 高音質 藍牙 耳機,2180,2,2018-09-02
NB人氣王★筆電24期0率滿萬折千,Asus ZenFone Max Pro ZB602KL ◤0利率◢ 6 吋八核心智慧型手機 (6G/64G),9980,2,2018-09-02
NB人氣王★筆電24期0率滿萬折千,立式電源插座含USB HUB 功能 4層 ( 延長線 )- 15個插座+2個USB,1280,2,2018-09-02
NB人氣王★筆電24期0率滿萬折千,ASUS ZenPad 8吋 專用可立式皮套( Z380C / Z380KL / Z380M / Z380KNL),480,2,2018-09-02
NB人氣王★筆電24期0率滿萬折千,USB 可摺疊軟式鍵盤 -- 109個按鍵,480,2,2018-09-02
NB人氣王★筆電24期0率滿萬折千,HUAWEI MediaPad T2 7.0 7吋四核心平板 (2G/16G) LTE◤0利率◢,4990,2,2018-09-02
NB人氣王★筆電24期0率滿萬折千,ASUS ZenPower Pro 10050mAh ◤拆封福利品◢ 行動電源 行動充 隨身充,880,2,2018-09-02
NB人氣王★筆電24期0率滿萬折千,ASUS ZenPower 10050C(QC3.0) USB-C 快充輕巧行動電源,1388,2,2018-09-02
NB人氣王★筆電24期0率滿萬折千,SONY SBH24 立體聲藍牙耳機,2190,3,2018-09-02
NB人氣王★筆電24期0率滿萬折千,Acer Liquid Zest Plus 5.5吋智慧型手機 MT6735 (2G/16G),4990,2,2018-09-02
NB人氣王★筆電24期0率滿萬折千,瓦斯警報器(110V) -- 天然氣 洩漏感應 / 偵測警報器 / 液化石油氣 / 燃氣 / 濃度10%,1100,2,2018-09-02
NB人氣王★筆電24期0率滿萬折千,ASUS ZenPower 3.75V / 10050mAh ◤拆封福利品◢ 名片型 快充 行動電源,790,6,2018-09-02
NB人氣王★筆電24期0率滿萬折千,ASUS ZenPower Duo 3.75V / 10050mAh ◤拆封福利品◢,799,3,2018-09-02
NB人氣王★筆電24期0率滿萬折千,LCD、螢幕桌面支架 Y-5 (適用於15~22吋),1290,5,2018-09-02
NB人氣王★筆電24期0率滿萬折千,USB外接式CD-ROM光碟機 (免外接電源),990,4,2018-09-02
a la sha►滿千折百累計,a la sha 長頸鹿條紋針織上衣,1490,12,2018-09-02
NB人氣王★筆電24期0率滿萬折千,USB 2.0 外接式 DVD-ROM Combo機(DVD光碟機 可燒錄CD),790,12,2018-09-02
a la sha►滿千折百累計,a la sha 阿財家族Q咪貓平口內褲,290,21,2018-09-02
a la sha►滿千折百累計,a la sha 阿財與好多動物短袖上衣,890,49,2018-09-02
a la sha►滿千折百累計,a la sha 牛仔織帶吊帶背心裙,1990,12,2018-09-02
a la sha►滿千折百累計,a la sha Qummi 裙兒飄飄下擺多層次拼紗長版上衣,1490,13,2018-09-02
a la sha►滿千折百累計,a la sha 當季魅力↘繽紛a半罩安全帽,1090,22,2018-09-02
a la sha►滿千折百累計,a la sha 抹茶與大象影子短袖上衣,990,20,2018-09-02
a la sha►滿千折百累計,a la sha Qummi 戴帽抹茶與阿財好友手牽手短T,990,87,2018-09-02
a la sha►滿千折百累計,a la sha 熊熊與小鹿跟阿財合照短袖上衣,790,59,2018-09-02
a la sha►滿千折百累計,a la sha 抹茶跳色踝襪,220,91,2018-09-02
a la sha►滿千折百累計,a la sha Qummi 阿財請大家吃蛋糕囉短袖棉T,890,260,2018-09-02
a la sha►滿千折百累計,a la sha 紳士阿財短袖上衣,790,137,2018-09-02
Nike五折專區⭐布魯克林,NIKE NSW SHORT 黑白勾 大LOGO 棉質短褲 男生 (布魯克林) 2018/7月 836278-010,1780,0,2018-09-02
Nike五折專區⭐布魯克林,Adidas Pharrel Tennis HU 編織 粉色 菲董聯名 慢跑 女 (布魯克林) 2018/7月 AQ0988,3890,0,2018-09-02
KING★滿499享97折,*KING WANG*【單罐】Sheba嚴選罐系列75g (四種口味可選)--全新上市,57,8,2018-09-02
KING★滿499享97折,*KING WANG* IRIS薄型花香抗菌尿布墊 ES-100F小/50F中,399,0,2018-09-02
米克斯寵物★全店9折,◆MIX米克斯◆【99元運費加購好傘】限定曙光犬貓飼料.超級好傘大放送(活動詳情參閱商品內文),499,0,2018-09-02
米克斯寵物★全店9折,"◆MIX米克斯◆Element,元素A2電剪.",1800,0,2018-09-02
米克斯寵物★全店9折,◆MIX米克斯◆加拿大BOREAL.無穀鮮肉愛貓寵食【5磅 約2.26kg】,2600,0,2018-09-02
KING★滿499享97折,*KING WANG*日本寵喵樂二代 99.5%鋁合金貓鍋 貓咪圓形涼墊-加強款涼度,1090,0,2018-09-02
米克斯寵物★全店9折,"◆MIX米克斯◆Lifeapp CAT CAVE寵愛貓窩.貓籃子舒適睡窩,創意翻玩,把寵物隨時提著走",1250,0,2018-09-02
連珍糕餅★2018評比冠軍,連珍中秋節綜合禮盒12入,630,0,2018-09-02
連珍糕餅★2018評比冠軍,連珍蘋果日報冠軍 中秋節首選 棗泥花糕(9入),330,0,2018-09-02
連珍糕餅★2018評比冠軍,連珍中秋蘋果日報推薦 雙色蛋黃酥(12入),480,18,2018-09-02
連珍糕餅★2018評比冠軍,連珍中秋禮盒鳳凰酥10入,360,2,2018-09-02
連珍糕餅★2018評比冠軍,連珍中秋禮盒全咖哩肉餅(12入),384,8,2018-09-02
連珍糕餅★2018評比冠軍,連珍中秋月餅花玥禮盒10入,550,30,2018-09-02
米克斯寵物★全店9折,"◆MIX米克斯◆Vita貓咪快餐零食,vita貓肉條盒裝(20排),一排3入,可混搭",950,1,2018-09-02
米克斯寵物★全店9折,"◆MIX米克斯◆【無截角】活力雞肉零食系列,長年暢銷不敗必備款",199,110,2018-09-02
Unicorn 手機殼★天天上新品,LQ-035 補光廣角 0.4X-0.6X 無暗角 15X微距鏡頭 美顏 自拍 補光燈 玫瑰金,450,7,2018-09-02
ezmore★任2件9折,韓國 wonjin 原辰 補水急救面膜 (10片/盒裝) 30gx10 安瓶 補水 保濕 面膜 術後面膜 林允推薦,350,5,2018-09-02
ezmore★任2件9折,印尼 Gery 厚醬起司威化餅 (盒裝) 280g 厚醬 威化餅 團購 餅乾 厚醬餅乾 起司 印尼餅乾,79,12,2018-09-02
ezmore★任2件9折,日本 iris foods 低溫製法生切麻糬 1kg 麻糬 日本麻糬 純生切麻糬 麻糬湯 年糕湯 烤麻糬 中秋,299,8,2018-09-02
ezmore★任2件9折,韓國 SUNTOUCH 夯肉不沾6格烤盤 40cm 多格 6格烤盤 烤盤 烤肉 燒肉 蒸蛋 烤肉盤 中秋,549,5,2018-09-02
ezmore★任2件9折,日本 合食 函館 朝日北海道鮭魚鬆 鮭魚鬆 鮭魚 朝日鮭魚鬆 配飯 拌飯 飯糰,175,6,2018-09-02
ezmore★任2件9折,韓式電磁爐烤盤 30cm 電磁爐烤盤 韓式麥飯石烤盤 無煙 不黏鍋 燒烤 烤肉 牛排 鐵板燒,399,12,2018-09-02
ezmore★任2件9折,韓國 大象 醃烤調味醬 500g 燒醃烤醬 烤肉醬 燒肉醬 烤肉 燒肉 醃肉 韓國媽媽必備,150,17,2018-09-02
ezmore★任2件9折,日本 John's Blend 室內居家香氛膏 135g 香氛 香味 芳香 香氛膏 Johns Blend,149,71,2018-09-02
ezmore★任2件9折,日本 BCL Saborino 早安面膜 (32枚入) 洗臉 面膜 保養 清潔 60秒面膜 懶人面膜 抽取式,349,50,2018-09-02
ezmore★任2件9折,日本 P&G 3D立體洗衣膠球 18入盒裝 三種洗劑 洗衣果凍球 洗衣凝膠球 除臭 抗菌 洗衣球 寶僑,129,100,2018-09-02
ezmore★任2件9折,韓國 大象 韓式烤肉蒜味調味鹽 52g 蒜鹽 調味鹽 中秋 烤肉 燒肉,69,28,2018-09-02
ezmore★任2件9折,韓國 ORION 好麗友 烏龜玉米脆片 80g 玉米濃湯 肉桂 鮮蝦 餅乾 濃湯 烏龜餅乾 脆餅 烏龜餅,55,342,2018-09-02
ezmore★任2件9折,4+1限定 韓國 農心 部隊鍋拉麵 (五包入) 635g 火鍋泡麵 部隊鍋泡麵 一日三餐 推薦,135,57,2018-09-02
ezmore★任2件9折,印尼 Gery 厚醬蘇打餅 (袋裝) 厚醬 蘇打餅乾 蘇打餅 團購 餅乾 厚醬餅乾 巧克力 椰香 起司,95,275,2018-09-02
SG★全館超取免運費!!!,客製化 手機殼 ASUS Zenfone 4 Max Selfie Pro 2 Laser 3 Deluxe Ultra 5 6 保護殼 漸層大理石,1380,1,2018-09-02
SG★全館超取免運費!!!,直拍美肌補光燈線控自拍棒三腳架自拍桿自拍杆自拍神器A8,790,7,2018-09-02
Unicorn 手機殼★天天上新品,2018最新追劇神器電視棒 AnyCast M5 plus手機電視無線HDMI wifi投影 影音傳輸 ios 安卓【Unicorn手機殼】,650,18,2018-09-02
SG★全館超取免運費!!!,客製化 手機殼 OPPO R11 R11s R9 R9s Plus F3 A39 A57 保護殼 紫羅蘭碎花,1280,1,2018-09-02
SG★全館超取免運費!!!,小米手環3充電線充電器,280,3,2018-09-02
SG★全館超取免運費!!!,客製化 手機殼 ASUS Zenfone 4 Max Selfie Pro 2 Laser 3 Deluxe Ultra 5 6 保護殼 手繪可愛北極熊,1280,2,2018-09-02
SG★全館超取免運費!!!,客製化 手機殼 三星 A8 A8+ 2018 J7 J7+ Plus J5 S8 S8+ S7 Edge S6 防摔殼 粉嫩碎花 光盾,1280,1,2018-09-02
SG★全館超取免運費!!!,TOTU 音頻轉接器 Lightning 通話 充電 聽歌 二合一 轉接器 轉接頭 iPhone X 8 7 Plus,880,1,2018-09-02
SG★全館超取免運費!!!,Mcdodo 智能斷電 QC3.0 快充 充電線 Type C 傳輸線 呼吸燈 編織線 數據線 閃充 1M,580,3,2018-09-02
SG★全館超取免運費!!!,TOTU 耀系列 快充 3.1A 數顯 USB 充電器 閃充 智能 多孔 充電頭 插座 轉接頭,580,2,2018-09-02
SG★全館超取免運費!!!,Mcdodo 智能斷電 2.4A 快充 蘋果 Lightning 充電線 傳輸線 編織線 iPhone ix i8 i7 plus,580,1,2018-09-02
SG★全館超取免運費!!!,Mcdodo 智能斷電 2.4A 快充 蘋果 Lightning 充電線 傳輸線 編織線 iPhone ix i8 i7 plus,580,0,2018-09-02
映象專業攝影★相機現折千元,Fujifilm XF 23mm F2 R WR 恆昶公司貨 ((黑色)) 保固一年 富士,15200,0,2018-09-02
映象專業攝影★相機現折千元,【24期0利率】拆鏡 OLYMPUS ED 12-40mm f2.8 PRO M.ZUIKO 元佑公司貨 兩年保固,23500,0,2018-09-02
映象專業攝影★相機現折千元,FUJIFILM INSTAX MINI8 熊本熊禮盒組 拍立得相機 附熊本熊底片 平輸貨,3350,0,2018-09-02
映象專業攝影★相機現折千元,【6期0利率】申請送原電 Canon PowerShot G7X Mark II 彩虹公司貨 類單眼,17300,0,2018-09-02
映象專業攝影★相機現折千元,【6期0利率】elinchrom D-Lite RX 4/4 SOFTBOX TO GO 華曜公司貨 ((18個月保固)) RX4,29800,1,2018-09-02
SG★全館超取免運費!!!,Mcdodo 套裝 快充 PD 2A 充電頭 Lightning 傳輸線 充電線 智能 充電器 Type C,1080,0,2018-09-02
SG★全館超取免運費!!!,TOTU 一組兩入 蘋果 iPhoneX ix 鏡頭貼 鋼化膜 9H 保貼 鏡頭膜 玻璃貼 超薄 防爆,380,1,2018-09-02
SG★全館超取免運費!!!,正版 小米 TDS 水質檢測筆 檢測儀 米家 淨水 測水筆 按一下使用,480,4,2018-09-02
SG★全館超取免運費!!!,Mcdodo 磐石系列 快充 2.1A 雙孔 USB 充電器 閃充 智能 多孔 充電頭 插座 轉接頭,550,0,2018-09-02
SG★全館超取免運費!!!,Mcdodo 智能快充 QC3.0 2A 充電線 安卓 Micro 傳輸線 編織線 數據線 閃充 快充線 100cm,480,1,2018-09-02
SG★全館超取免運費!!!,Mcdodo 智能斷電 QC3.0 2.4A 充電線 安卓 Micro 傳輸線 編織線 數據線 閃充 快充線 100cm,580,0,2018-09-02
SG★全館超取免運費!!!,TOTU 智能斷電 呼吸燈 2.4A 快充 iPhone 充電線 Lightning 傳輸線 爍系列 編織線,480,1,2018-09-02
SG★全館超取免運費!!!,TOTU 耀系列 一組三入 蘋果 2.1A 快充 Lightning 傳輸線 數據線 充電線 ix i8 i7 plus,580,2,2018-09-02
SG★全館超取免運費!!!,Mcdodo 智能斷電 2.4A 快充 蘋果 Lightning 充電線 傳輸線 編織線 iPhone ix i8 i7 plus,580,7,2018-09-02
SG★全館超取免運費!!!,TOTU 悅木系列 iPhone 8 7 i8 i7 手機殼 四角 全包 軟殼 保護套 掛繩孔,580,1,2018-09-02
SG★全館超取免運費!!!,PICKOGEN 五合一 廣角 鏡頭 轉盤 魚眼 微距 廣角 增距 偏光 鏡頭 自拍神器 手機 夾式,680,0,2018-09-02
SG★全館超取免運費!!!,PICKOGEN 4K 高清 廣角鏡頭 0.5X廣角 魚眼 微距 抗變形 自拍神器 手機 夾式,1080,0,2018-09-02
SG★全館超取免運費!!!,PICKOGEN 4K 高清 花瓣型 廣角鏡頭 廣角 微距 抗變形 自拍神器 手機 夾式 鏡頭,790,1,2018-09-02
SG★全館超取免運費!!!,TOTU 指環 支架 狗狗 毛孩子 鋅合金 手機 平板 懶人 支架 指環架 指環扣 防摔 防滑,490,0,2018-09-02
SG★全館超取免運費!!!,PICKOGEN 4K 高清 廣角鏡頭 0.58X廣角 魚眼 20X微距 抗變形 自拍神器 手機 夾式,1480,0,2018-09-02
SG★全館超取免運費!!!,TOTU 出彩系列 iPhoneX iX 手機殼 輕薄 液態矽膠 保護套 防摔殼 手機套 全包 軟殼,680,1,2018-09-02
SG★全館超取免運費!!!,TOTU 犀牛家族 滿版 iPhone 8 7 i8 i7 玻璃貼 防碎邊 曲面 軟邊 鋼化膜 9H 保貼 保護貼 贈貼膜神器,580,0,2018-09-02
SG★全館超取免運費!!!,Mcdodo BM-02 立體聲 線控 耳機 麥克風 通話 智能 附3組耳帽 3.5mm 通用,550,0,2018-09-02
SG★全館超取免運費!!!,TOTU 多系列 五孔 6A 快充 USB 充電頭 充電器 閃充 智能 快充頭 多孔 支架 底座 飛船款,880,0,2018-09-02
SG★全館超取免運費!!!,TOTU 鎧甲系列 一拖三 快充 2.4A iPhone 安卓 Micro Type C 充電線 閃充 智能 Lightning 編織線 傳輸線,790,0,2018-09-02
SG★全館超取免運費!!!,Mcdodo 三合一 磁吸 快充 2A iPhone 安卓 Type C 充電線 呼吸燈 吸磁 智能 傳輸線 閃充線,780,2,2018-09-02
SG★全館超取免運費!!!,小米手環3 觸控 升級 計步 OLED 智慧 運動 手環 智慧型 手錶 米家 手環3代,1580,5,2018-09-02
SG★全館超取免運費!!!,TOTU iPad 9.7吋 智能休眠 皮套 全包 保護套 防摔殼 翻蓋 折疊,890,1,2018-09-02
SG★全館超取免運費!!!,美肌 補光燈 自拍棒 三腳架 典藏 臻皮 自拍神器 自拍桿 自拍杆 直播架 腳架 自拍鏡 鏡子 掛繩 A11,1080,0,2018-09-02
SG★全館超取免運費!!!,小米手環3 智能運動手錶,1580,7,2018-09-02
SG★全館超取免運費!!!,TOTU iPhone充電線 2.1A智能快充Lightning 勁韌系列,580,0,2018-09-02
SG★全館超取免運費!!!,客製化 Note8手機殼 多型號製作 漸層愛心,1280,1,2018-09-02
SG★全館超取免運費!!!,小米手環3智能運動手錶+彩色錶帶腕帶經典套餐,1780,1,2018-09-02
SG★全館超取免運費!!!,TOTU 無印風桌面可調式風扇 拓風系列,580,1,2018-09-02
SG★全館超取免運費!!!,【時時樂現購↘999】小米手環3 智能運動手錶,1580,3,2018-09-02
SG★全館超取免運費!!!,Mcdodo 二代 iPhone智能斷電充電線 2.4A快充Lightning,680,0,2018-09-02
SG★全館超取免運費!!!,美肌補光燈線控自拍棒A6附自拍鏡,880,0,2018-09-02
SG★全館超取免運費!!!,客製化 ASUS Zenfone5Z手機殼 多型號製作 扶桑花天鵝,1280,1,2018-09-02
SG★全館超取免運費!!!,Mcdodo 長版夾式磁吸懶人支架 姿系列,550,0,2018-09-02
SG★全館超取免運費!!!,TOTU Lighting轉HDMI電視HD音頻轉接器iPhone充電線轉接線,880,1,2018-09-02
SG★全館超取免運費!!!,TOTU iPhone音頻轉接器 2.1A快充彎頭轉接充電線 3.5mm音源線 流光系列,880,3,2018-09-02
SG★全館超取免運費!!!,TOTU 手持站立支架隨身風扇 三檔電風扇,680,0,2018-09-02
KING★滿499享97折,*KING WANG*【單包】愛的獎勵《犬用零食系列超值包》多種口味狗零食 全犬適用,139,6,2018-09-02
Nike五折專區⭐布魯克林,FRUIT OF THE LOOM 水果牌 美國純棉 5.3oz 高磅數 素T (布魯克林) 2018/8月 FRUIT-,390,4,2018-09-02
Nike五折專區⭐布魯克林,Adidas Ultra Boost 4.0 黑色 編織 馬牌底 慢跑鞋 男 (布魯克林) 2018/4月 BB6166,5990,2,2018-09-02
KING★滿499享97折,"*KING WANG*【兩盒免運組】Ever Clean藍鑽貓砂25磅//9月底到貨,可預購",1880,63,2018-09-02
Nike五折專區⭐布魯克林,Adidas Ultra Boost 4.0 全白 編織 馬牌底 慢跑鞋 男 (布魯克林) 2018/4月 BB6168,5990,5,2018-09-02
Nike五折專區⭐布魯克林,NIKE W Air Huarache Ultra 黑白 武士 襪套 涼鞋 女鞋 ( 布魯克林 ) 2017/5月 885118-001,3000,12,2018-09-02
影音轟9折+專業影音施工:德昌,國際牌 Panasonic PT-LB353T XGA 3300流明 高對比液晶投影機 公司貨 LB3U,18800,2,2018-09-02
影音轟9折+專業影音施工:德昌,"EPSON 愛普生 EB-2042 商務 XGA投影機 4400流明 MHL 對比度15,000:1 公司貨 三年保固",29900,1,2018-09-02
影音轟9折+專業影音施工:德昌,SONY 索尼 SA-Z9R (搭配 HT-Z9F使用) HT-Z9F的無線後置喇叭 可壁掛 公司貨,11990,1,2018-09-02
影音轟9折+專業影音施工:德昌,( 福利現貨 ) 德國 BRITA Liquelli 力酷型濾水壺 2.2L 送母親節好禮 公司貨,990,1,2018-09-02
影音轟9折+專業影音施工:德昌,SONY BDP-S5500 3D藍光DVD多媒體播放機 送HDMI線+網路線+金士頓16G隨身碟升級終保,5990,1,2018-09-02
影音轟9折+專業影音施工:德昌,ELITE SCREENS 億立 55/50吋 4:3/16:9 行動式微型桌拉幕 伸縮調整 PC55W-EST 公司貨 運費另計,5999,1,2018-09-02
影音轟9折+專業影音施工:德昌,SAMPO 聲寶 SK-FH18DR DC節能扇 台灣製造品質保證 七段風量 無線遙控 公司貨 SKFH18DR,2988,1,2018-09-02
影音轟9折+專業影音施工:德昌,WIREWORLD 美國 ULTRAVIOLET 7 USB A to mini B (USM) 數位音訊線 1M 鍍銀OFC (USB2.0) 公司貨,2000,1,2018-09-02
影音轟9折+專業影音施工:德昌,(現貨)APPLE TV 全新第四代 多媒體TV BOX 32GB 含新觸控遙控器 公司貨 MR912TA/A 送HDMI線2米,5490,1,2018-09-02
影音轟9折+專業影音施工:德昌,(新款0利率) 先鋒Pioneer BDP-180 3D藍光播放機 升頻4K 公貨 取代 送高級HDMI線2米+全區改好+發票+免運,9990,1,2018-09-02
影音轟9折+專業影音施工:德昌,(搶現貨) APPLE TV 4K 第五代 32G MQD22TA/A 含新Apple remote2觸控遙控器 HDR 公貨 送高級2米HDMI線,5990,1,2018-09-02
DataStone數位宅急通★滿件88折,【免運費+現折100元+贈手機支架】RAPOO 雷柏 VPRO V110 炫彩背光 防潑水 電競鍵盤+電競滑鼠X1【限量】,1399,0,2018-09-02
DataStone數位宅急通★滿件88折,【現折100元+加贈汽車保溫袋】PROBOX 車內/居家兩用高效能空氣清淨機x1【HEPA三層濾網+PM2.5/塵螨】,3299,0,2018-09-02
布布童鞋⭐限時88折,《布布童鞋》冰雪奇緣水藍色艾莎女王兒童休閒鞋室內鞋(17~21公分) [ B7R786B ],499,2,2018-09-02
布布童鞋⭐限時88折,《布布童鞋》Moonstar日本粉白色速乾透氣兒童機能運動鞋(15~19公分) [ I8I001M ],1380,1,2018-09-02
布布童鞋⭐限時88折,《布布童鞋》Disney冰雪奇緣粉色艾莎蝴蝶結兒童雨鞋(17~22公分) [ B8K803G ],599,1,2018-09-02
布布童鞋⭐限時88折,童襪(15-21公分)《布布童鞋》貝柔雙色素面止滑童襪 不挑色 [ F7N321Y ],69,1,2018-09-02
施華洛世奇▶新品領券折300,施華洛世奇 Duo Moon 浪漫典雅黑色鍍玫金項鏈,3990,0,2018-09-02
施華洛世奇▶新品領券折300,施華洛世奇 Lollypop 華麗迷人黑色鍍白金色項鏈,4490,0,2018-09-02
施華洛世奇▶新品領券折300,施華洛世奇 Duo Evil Eye 典雅別緻鍍玫金惡魔之眼Y形項鏈,4490,0,2018-09-02
施華洛世奇▶新品領券折300,施華洛世奇 Little Penguin 趣味別緻鍍玫金色企鵝鏈墜,3490,0,2018-09-02
PLAYBOY▶120折價券,Disney 活力拍檔 奇奇蒂蒂輕便懶人鞋-黑,1080,0,2018-09-02
施華洛世奇▶新品領券折300,施華洛世奇 Lollypop 華麗迷人黑色鍍玫金色項鏈,4490,0,2018-09-02
施華洛世奇▶新品領券折300,施華洛世奇 Canopy 華麗浪漫多色鍍白金色穿孔耳環,5990,0,2018-09-02
PAPORA►50折價券現折!,休閒鞋.白底綁帶平底餅乾鞋【KT-86】黑/白/黃/紅,899,119,2018-09-02
東京企劃►120折價券現折!,斜背包-名媛兩用貝殼包(S) 珍珠紋 肩背 包包 側背包【SBG29-B166S】S’AIME東京企劃,1780,0,2018-09-02
東京企劃►120折價券現折!,斜背包-真皮掀蓋經典斜背包(S) 肩背包 小包 側背包 包包【SBG29-A150S】S’AIME東京企劃,2480,1,2018-09-02
東京企劃►120折價券現折!,斜背包-針扣手把波士頓包(M) 肩背 包包 側背包【SBG29-A145M】S’AIME東京企劃,2180,3,2018-09-02
東京企劃►120折價券現折!,短夾-真皮精緻包蓋三折式短夾 短夾 包蓋 禮物 送禮 【SWA29-A182S】S’AIME東京企劃,1580,6,2018-09-02
東京企劃►120折價券現折!,護照夾-真皮長條LOGO護照夾 多隔層 皮夾【SAC28-A076A】S’AIME東京企劃,1180,9,2018-09-02
東京企劃►120折價券現折!,長夾-質感多隔層掀蓋長夾 糖果色 掀蓋 烤漆 皮夾 禮物【SWA29-A186L】S’AIME東京企劃,1180,2,2018-09-02
東京企劃►120折價券現折!,手機包-真皮萬用手拿包(L) 包包 手拿包 包包 隨身包 【SWA29-A157L】S’AIME東京企劃,1280,7,2018-09-02
東京企劃►120折價券現折!,斜背包-方塊可拆手把鏈條2WAY軟包(M) 流蘇 水桶包 包包 側背包【SBG28-A083M】S’AIME東京企劃,1880,7,2018-09-02
東京企劃►120折價券現折!,晚宴包-真皮圓形LOGO鍊條晚宴包 皮夾 手拿包 長夾 禮物 鍊條包【SWA28-A144H】S’AIME東京企劃,2280,8,2018-09-02
PLAYBOY▶120折價券,Disney 淘氣米奇 造型電繡銀蔥懶人鞋-灰,1280,0,2018-09-02
東京企劃►120折價券現折!,零錢夾-真皮三層長形卡片零錢夾 多隔層 隨身 皮夾 名片夾 【SWA28-A041S】S’AIME東京企劃,880,30,2018-09-02
PLAYBOY▶120折價券,Disney 經典手套~彩色織點休閒懶人鞋-粉,950,1,2018-09-02
PLAYBOY▶120折價券,PLAYBOY 閃耀芒星 慢跑運動休閒鞋-黑,2680,0,2018-09-02
東京企劃►120折價券現折!,短夾-真皮拉鍊中夾(S) 零錢 名片夾 萬用 皮夾 YKK 禮物 【WA6328-S】S’AIME東京企劃,1680,9,2018-09-02
東京企劃►120折價券現折!,化妝包-質感手拿拉鍊化妝包 隨身包 旅行 收納包【SAC29-A196A】S’AIME東京企劃,590,17,2018-09-02
PLAYBOY▶120折價券,PLAYBOY 潮流最IN 極簡仿皮綁帶休閒鞋-藍,1380,0,2018-09-02
PLAYBOY▶120折價券,Disney 率性小日子 米奇側邊迷彩懶人鞋-白,950,1,2018-09-02
PAPORA►50折價券現折!,拖鞋.民俗風鬚邊麻繩平底拖鞋【KV00-88】淺藍 / 桔,899,0,2018-09-02
PLAYBOY▶120折價券,Disney 翻玩時尚~瑪莉貓塗鴉手繪懶人鞋-粉,950,2,2018-09-02
PAPORA►50折價券現折!,休閒鞋.爆款雙色春漾透氣舒適休閒鞋【K903】黑/白,1080,0,2018-09-02
PLAYBOY▶120折價券,PLAYBOY 潮流最IN 極簡仿皮綁帶休閒鞋-粉,1380,4,2018-09-02
PLAYBOY▶120折價券,DISNEY 米妮手繪風 蝴蝶結 懶人鞋 -桃,980,3,2018-09-02
PAPORA►50折價券現折!,涼鞋.金片簡易設計平底涼鞋【KV5858】黑 / 杏,899,2,2018-09-02
PAPORA►50折價券現折!,涼鞋.金屬風金鍊羅馬平底涼鞋【KV6789】金 / 銀 / 黑 / 綠,899,2,2018-09-02
PLAYBOY▶120折價券,PLAYBOY 甜美時光 滿版貓咪微尖楦頭休閒鞋-黑,1380,7,2018-09-02
PLAYBOY▶120折價券,Disney 心動瞬間 奇奇蒂蒂電繡懶人鞋-灰,950,26,2018-09-02
PLAYBOY▶120折價券,Disney 心動瞬間 奇奇蒂蒂電繡懶人鞋-黑,950,28,2018-09-02
PLAYBOY▶120折價券,PLAYBOY 甜美時光 滿版貓咪微尖楦頭休閒鞋-白,1380,16,2018-09-02
PLAYBOY▶120折價券,Disney 獨一無二~米奇不對稱厚底休閒鞋-白,1280,24,2018-09-02
PAPORA►50折價券現折!,休閒鞋.韓系流行閃鑽平底休閒鞋【KX12】黑/白(偏小),899,3,2018-09-02
PLAYBOY▶120折價券,Disney 心動瞬間 奇奇蒂蒂電繡懶人鞋-藍,950,31,2018-09-02
PAPORA►50折價券現折!,休閒鞋.高調放閃愛心綁帶休閒鞋【KV758】黑/白(偏小),899,4,2018-09-02
PAPORA►50折價券現折!,男休閒鞋.時尚綁帶愛心休閒鞋【KK136】黑/白(偏小),899,7,2018-09-02
PAPORA►50折價券現折!,休閒鞋.經典綁帶平底鞋【KX08】黑/白/紅(偏小),899,8,2018-09-02
PAPORA►50折價券現折!,平底鞋.氣質小巧蝴蝶尖頭平底鞋【KV1277】黑/棕/粉/綠,499,16,2018-09-02
PAPORA►50折價券現折!,休閒鞋‧學院潮流pu面繫帶經典款休閒鞋【KY209】黑色/白色,799,11,2018-09-02
PAPORA►50折價券現折!,休閒鞋.時尚寬鞋帶平底綁帶休閒鞋【KF207】黑 / 白 / 粉,899,20,2018-09-02
PAPORA►50折價券現折!,休閒涼鞋‧韓風百搭平底涼鞋拖鞋【KV658】黑 / 米,899,15,2018-09-02
PAPORA►50折價券現折!,平底鞋.運動風綁帶平底休閒鞋【K8299】黑/白紅(偏小),899,24,2018-09-02
PAPORA►50折價券現折!,拖鞋.時尚金屬感平底拖鞋兩穿鞋【K889-1】黑/米/綠,899,26,2018-09-02
PAPORA►50折價券現折!,涼鞋.彩繩編織厚底涼鞋【K465】黑 / 藍灰 / 酒紅,899,26,2018-09-02
PAPORA►50折價券現折!,涼鞋.性感不規則絨面平底涼鞋【KN7-39】黑/杏,899,28,2018-09-02
PAPORA►50折價券現折!,拖鞋‧民族風刺繡平底拖鞋【KV652】黑 / 米(偏大),899,37,2018-09-02
PAPORA►50折價券現折!,拖鞋‧香甜水果造型防水拖鞋【K8859】草莓,399,49,2018-09-02
PAPORA►50折價券現折!,休閒鞋.綁帶耐走小白鞋【KG8633】白/白黑/白綠(偏小),899,44,2018-09-02
PAPORA►50折價券現折!,女休閒鞋.經典不敗款休閒小白鞋帆布鞋【KC030】白色 男生/女生,799,84,2018-09-02
PAPORA►50折價券現折!,涼鞋.現貨快出素面寬板帶百搭涼鞋【KV28】灰/白/黑,899,99,2018-09-02
PAPORA►50折價券現折!,涼鞋.氣質絨面釦帶粗跟涼鞋【KV4839】黑 / 酒紅,899,115,2018-09-02
PAPORA►50折價券現折!,豆豆鞋‧經典不敗款流蘇平底鞋樂福鞋【K1619】黑/灰/紅/黃,588,181,2018-09-02
PAPORA►50折價券現折!,平底拖鞋.典雅希臘風平底拖鞋【KV313】黑/白,899,118,2018-09-02
施華洛世奇▶新品領券折300,施華洛世奇 Maxi 現代時尚Y形多色鍍淡金色項鏈,6490,0,2018-09-02
施華洛世奇▶新品領券折300,施華洛世奇 Admiration Rondelle 耀眼華麗多色鍍玫金色鏈墜,8990,0,2018-09-02
施華洛世奇▶新品領券折300,施華洛世奇 Lollypop 簡約時尚鍍玫金色手鐲,4990,0,2018-09-02
施華洛世奇▶新品領券折300,施華洛世奇 Little Snow Owl 趣味別緻鍍淡金色鏈墜,3490,0,2018-09-02
施華洛世奇▶新品領券折300,施華洛世奇 Maxi 優雅經典多色鍍淡金色滑動式穿孔耳環,5990,0,2018-09-02
施華洛世奇▶新品領券折300,施華洛世奇 Duo Evil Eye 耀眼華麗惡魔之眼穿孔耳環,4990,0,2018-09-02
施華洛世奇▶新品領券折300,施華洛世奇 Lollypop 浪漫典雅多色鍍玫金色穿孔耳環,7990,0,2018-09-02
施華洛世奇▶新品領券折300,施華洛世奇 Stone 浪漫瑰麗鍍玫金色穿孔耳環套組,8990,0,2018-09-02
施華洛世奇▶新品領券折300,施華洛世奇 Duo Moon 嫵媚迷人多色穿孔耳環,4490,0,2018-09-02
施華洛世奇▶新品領券折300,施華洛世奇 Duo Moon 浪漫簡約鍍多色穿孔耳環,3990,0,2018-09-02
施華洛世奇▶新品領券折300,施華洛世奇百變魔鏈系列 Swarovski Remix Collection 瑰麗迷人多色設計鍍玫瑰金色 Purple 手鍊,3490,0,2018-09-02
施華洛世奇▶新品領券折300,施華洛世奇 Melt Your Heart Key 浪漫精緻鍍玫金色穿孔耳環,4990,0,2018-09-02
施華洛世奇▶新品領券折300,施華洛世奇 Duo Moon 時尚浪漫鍍多色Y形項鏈,4990,0,2018-09-02
施華洛世奇▶新品領券折300,施華洛世奇百變魔鏈系列 Swarovski Remix Collection 閃亮迷人鍍玫瑰金色 Happy 手鍊,3490,1,2018-09-02
施華洛世奇▶新品領券折300,施華洛世奇 Maxi 瑰麗奪目多色鍍淡金色穿孔耳環,5990,0,2018-09-02
施華洛世奇▶新品領券折300,施華洛世奇 Mickey & Minnie 典雅別緻米妮多色鍍玫金鏈墜,3990,1,2018-09-02
施華洛世奇▶新品領券折300,施華洛世奇 Mine 熱情耀眼紅唇鍍玫金色項鏈,4990,1,2018-09-02
施華洛世奇▶新品領券折300,施華洛世奇 Sparkling Dance Star 驚豔奪目鍍白金色星形耳釘,3490,1,2018-09-02
施華洛世奇▶新品領券折300,施華洛世奇 Admiration 璀璨精緻白色鍍玫金色手鏈中碼,5990,1,2018-09-02
施華洛世奇▶新品領券折300,施華洛世奇 Mickey & Minnie 浪漫別緻米妮多色鍍玫金穿孔耳環,2490,1,2018-09-02
施華洛世奇▶新品領券折300,施華洛世奇 Mine 華麗炫目單件桃粉鍍白金色穿孔耳環,3490,1,2018-09-02
施華洛世奇▶新品領券折300,施華洛世奇 Teddy 經典浪漫鍍白金色小熊鏈墜,4990,1,2018-09-02
施華洛世奇▶新品領券折300,施華洛世奇 Canopy 簡約別緻 多色鍍白金色Y形項鏈,4990,1,2018-09-02
施華洛世奇▶新品領券折300,施華洛世奇百變魔鏈系列 Swarovski Remix Collection 典雅迷人鍍玫瑰金色 Infinity Symbol 手鍊,3490,1,2018-09-02
施華洛世奇▶新品領券折300,施華洛世奇 Sparkling Dance Heart 閃亮跳耀心形玫瑰金水晶項鍊,4990,1,2018-09-02
施華洛世奇▶新品領券折300,施華洛世奇 Iconic Swan 經典高雅黑天鵝水晶珍珠花托耳環組,4490,1,2018-09-02
施華洛世奇▶新品領券折300,施華洛世奇 Heap 絢爛奪目藍色枕形水晶項鍊,4490,1,2018-09-02
施華洛世奇▶新品領券折300,施華洛世奇 Lovely 百搭迷人鍍白金色項鍊,4990,1,2018-09-02
施華洛世奇▶新品領券折300,施華洛世奇 Duo Wing 玫瑰金羽翼水晶項鍊,3990,1,2018-09-02
施華洛世奇▶新品領券折300,施華洛世奇 Lifelong 簡約優雅鍍玫瑰金色手鐲,4990,1,2018-09-02
施華洛世奇▶新品領券折300,施華洛世奇百變魔鏈系列 Swarovski Remix Collection 純淨迷人綠色 Clover 幸運草手鍊,3490,1,2018-09-02
施華洛世奇▶新品領券折300,施華洛世奇百變魔鏈系列 Swarovski Remix Collection 閃亮光環鍍玫瑰金色 Round Shape 手鍊,3490,1,2018-09-02
施華洛世奇▶新品領券折300,施華洛世奇百變魔鏈系列 Swarovski Remix Collection 魅力字母符號吊飾&白金基本鏈,3490,1,2018-09-02
施華洛世奇▶新品領券折300,施華洛世奇 Tough 典雅時尚Y形項鍊,4990,1,2018-09-02
施華洛世奇▶新品領券折300,施華洛世奇百變魔鏈系列 Swarovski Remix Collection 優雅亮麗多色設計鍍玫瑰金色 Orange 手鍊,3490,1,2018-09-02
施華洛世奇▶新品領券折300,施華洛世奇 Swan 高貴經典天鵝鍍白金水晶項鍊,3990,1,2018-09-02
施華洛世奇▶新品領券折300,施華洛世奇 Swan 優雅經典天鵝水晶耳環,3790,1,2018-09-02
施華洛世奇▶新品領券折300,施華洛世奇百變魔鏈系列 Swarovski Remix Collection 典雅迷人鍍白金色 Timeless 手鍊,3490,2,2018-09-02
施華洛世奇▶新品領券折300,施華洛世奇 Mine Lip 熱情搖滾紅唇鍍玫金色項鏈,3990,2,2018-09-02
施華洛世奇▶新品領券折300,施華洛世奇 Mine Lipstick 搖滾風情多色鍍玫金手鏈,3490,2,2018-09-02
施華洛世奇▶新品領券折300,施華洛世奇 Vittore Marquise 典雅迷人鍍玫瑰金色戒指,2990,2,2018-09-02
施華洛世奇▶新品領券折300,施華洛世奇百變魔鏈系列 Swarovski Remix Collection 百搭迷人鍍白金色 Swan 天鵝水晶手鍊,3490,2,2018-09-02
梨衣莎▶全店249免運,施華洛世奇元素水晶流轉時空極光環項鍊,3680,2,2018-09-02
梨衣莎▶全店249免運,皇冠雙層百搭多變迷人戒指,1280,4,2018-09-02
梨衣莎▶全店249免運,高級18K金電鍍強力吸金招財貔貅金戒指,1280,2,2018-09-02
梨衣莎▶全店249免運,永恆守護匠心精雕動態幻影項鍊,1680,8,2018-09-02
梨衣莎▶全店249免運,經典羅馬數字優雅名媛鈦鋼手環,1980,5,2018-09-02
梨衣莎▶全店249免運,初戀回憶再說100次我愛你微雕光投影項鍊,1280,15,2018-09-02
梨衣莎▶全店249免運,旋彩奢華閃耀鋯石旋轉戒指,1280,23,2018-09-02
布布童鞋⭐限時88折,《布布童鞋》HelloKitty凱蒂貓俏麗蝴蝶結粉色兒童休閒鞋(13.5~16公分) [ C8E607G ],599,1,2018-09-02
布布童鞋⭐限時88折,《布布童鞋》ANPANMAN麵包超人桃色台灣製兒童室內拖鞋(16~22公分) [ B8M402H ],199,1,2018-09-02
布布童鞋⭐限時88折,《布布童鞋》美式運動風白藍色皮質兒童休閒鞋(16~19公分) [ R8KX80B ],699,1,2018-09-02
布布童鞋⭐限時88折,《布布童鞋》HelloKitty凱蒂貓寵愛款桃色兒童拖鞋(16~18公分) [ C8D114H ],299,1,2018-09-02
布布童鞋⭐限時88折,《布布童鞋》小草莓紅色帆布寶寶嗶嗶學步鞋(12~14公分) [ Z8F087G ],499,1,2018-09-02
布布童鞋⭐限時88折,《布布童鞋》TOPUONE桃色超輕量速乾兒童拖鞋(15~20公分) [ C8K248H ],399,1,2018-09-02
布布童鞋⭐限時88折,《布布童鞋》珍珠吊飾緹花蝴蝶結粉色兒童公主鞋(15~20公分) [ Q8E655G ],799,1,2018-09-02
布布童鞋⭐限時88折,《布布童鞋》HelloKitty凱蒂貓寵愛款粉紫色附後綁帶兒童拖鞋(13~15公分) [ C8A114G ],299,1,2018-09-02
布布童鞋⭐限時88折,《布布童鞋》HelloKItty凱蒂貓紅色小可愛草莓兒童休閒鞋(13~16公分) [ C7A405A ] 紅色款,499,1,2018-09-02
布布童鞋⭐限時88折,《布布童鞋》POLI救援小英雄羅伊紅色兒童電燈運動鞋(15~19公分) [ B7P262A ],699,1,2018-09-02
布布童鞋⭐限時88折,《布布童鞋》汪汪隊立大功小腳印透氣天藍兒童休閒鞋(14~19公分) [ M8A401B ],499,2,2018-09-02
布布童鞋⭐限時88折,《布布童鞋》Marvel蜘蛛人驚奇再起藍紅色兒童休閒鞋室內鞋(16~21公分) [ B8F326B ],599,1,2018-09-02
布布童鞋⭐限時88折,《布布童鞋》TAYO小巴士藍綠色歐風兒童氣墊涼鞋(13~17公分) [ M8L805C ],599,1,2018-09-02
布布童鞋⭐限時88折,《布布童鞋》SuperWings超級飛俠保羅深藍色兒童超輕量涼鞋(15~20公分) [ M8J846B ],499,2,2018-09-02
布布童鞋⭐限時88折,MLB美國職棒洋基隊藍色透氣運動鞋(18~22公分) [ M7Y062B ] 藍色款,899,2,2018-09-02
布布童鞋⭐限時88折,《布布童鞋》TOPUONE足弓設計灰色健康機能鞋墊(14~25公分) [ C7L601J ] 灰色款,99,2,2018-09-02
布布童鞋⭐限時88折,《布布童鞋》Disney冰雪奇緣粉色雪花艾莎兒童休閒鞋(15~20公分) [ B8N213G ],599,2,2018-09-02
布布童鞋⭐限時88折,布布童鞋 粉色啾咪兔橡膠底防滑雨鞋(16~21公分) [ OMA510G ] 粉紅款,699,2,2018-09-02
布布童鞋⭐限時88折,《布布童鞋》HelloKitty凱蒂貓藍色帆布兒童休閒鞋(15~20公分) [ C8C624B ],599,2,2018-09-02
布布童鞋⭐限時88折,《布布童鞋》GP動物派對磁扣式藍色兒童運動涼鞋(14.5~18.5公分) [ G8F81BB ],690,2,2018-09-02
布布童鞋⭐限時88折,布布童鞋 Disney迪士尼米奇紅黑雙色交織歐風兒童氣墊涼鞋(17~21公分) [ MHU812A ] 紅色款,599,2,2018-09-02
布布童鞋⭐限時88折,袖套《布布童鞋》貝柔高效涼感防蚊抗UV成人袖套 共三色,399,2,2018-09-02
布布童鞋⭐限時88折,《布布童鞋》Marvel英雄系列蜘蛛人藍紅色發光電燈布希鞋(16~21公分) [ B7K516B ] 藍色款,599,3,2018-09-02
布布童鞋⭐限時88折,《布布童鞋》Disney迪士尼米奇復刻版紅色寶寶護趾涼鞋(13~15.5公分) [ D8J339A ],699,2,2018-09-02
布布童鞋⭐限時88折,《布布童鞋》SuperWings超級飛俠酷霸兒童電燈輕量拖鞋(15~19公分) [ M8A720B ],349,2,2018-09-02
布布童鞋⭐限時88折,泡澡沐浴球《布布童鞋》日本進口Disney公主系列泡澡沐浴球 [ O8HOMBR ],139,5,2018-09-02
布布童鞋⭐限時88折,《布布童鞋》HelloKitty凱蒂貓經典復刻米色超輕量拖鞋(17~22公分) [ Y8C658W ],299,2,2018-09-02
布布童鞋⭐限時88折,《布布童鞋》侏儸紀公園黑色暴龍兒童超輕量輕便拖鞋(15~20公分) [ M7X796D ],299,2,2018-09-02
布布童鞋⭐限時88折,《布布童鞋》Disney迪士尼米奇米妮兩小無猜紅色輕便公主涼鞋(14~19公分) [ D7N007A ],599,2,2018-09-02
布布童鞋⭐限時88折,《布布童鞋》Miffy兒童學生純白色運動鞋(19~22公分) [ L7V376M ],799,2,2018-09-02
布布童鞋⭐限時88折,布布童鞋 Disney迪士尼米妮圖樣甜粉色休閒鞋室內鞋(14~19公分) [ MDZ401G ] 粉紅款,499,2,2018-09-02
布布童鞋⭐限時88折,《布布童鞋》草莓甜心薄荷粉色兒童橡膠雨鞋(16~22公分) [ O8K018G ],699,3,2018-09-02
布布童鞋⭐限時88折,《布布童鞋》Disney迪士尼tsumtsum米老鼠唐老鴨粉色兒童拖鞋(15~22公分) [ D8B308G ],499,3,2018-09-02
布布童鞋⭐限時88折,《布布童鞋》TOPUONE深藍色帆布兒童休閒鞋室內鞋(15~21公分) [ C8F309B ],499,2,2018-09-02
布布童鞋⭐限時88折,《布布童鞋》侏儸紀公園可愛恐龍藍色兒童休閒鞋室內鞋(14~19公分) [ M8H404B ],599,2,2018-09-02
布布童鞋⭐限時88折,《布布童鞋》ANPANMAN麵包超人藍色透氣兒童電燈休閒鞋(15~19公分) [ B8J436B ],699,3,2018-09-02
布布童鞋⭐限時88折,《布布童鞋》日本IFME夏日粉白透氣網布機能室內鞋(15~21公分) [ PBR393G ] 粉紅款,999,2,2018-09-02
布布童鞋⭐限時88折,《布布童鞋》HelloKitty凱蒂貓紅色動物派對兒童拖鞋(17~23公分) [ C7M938A ] 紅色款,299,3,2018-09-02
布布童鞋⭐限時88折,《布布童鞋》HelloKitty凱蒂貓桃色動物派對兒童拖鞋(17~23公分) [ C7F938H ] 桃色款,299,3,2018-09-02
布布童鞋⭐限時88折,《布布童鞋》POLI救援小英雄波力藍色電燈護趾涼鞋(15~19公分) [ B7K116B ] 藍色款,899,3,2018-09-02
布布童鞋⭐限時88折,泡澡沐浴球《布布童鞋》日本進口Disney小熊維尼泡澡沐浴球 [ O8GTMBR ],139,8,2018-09-02
布布童鞋⭐限時88折,《布布童鞋》TOMICA多美小汽車藍色兒童超輕量拖鞋(14.5~18公分) [ A8F805B ],299,3,2018-09-02
布布童鞋⭐限時88折,《布布童鞋》HelloKItty凱蒂貓愛心蘋果花紋桃色中筒兒童休閒鞋(14~18公分) [ C7R454H ],599,3,2018-09-02
DataStone數位宅急通★滿件88折,DigiStone 3C防震收納袋(格菱軟式束口袋)【加大版型】適2.5吋硬碟/SSD/行動電源/3C產品(黑)X1P,199,0,2018-09-02
布布童鞋⭐限時88折,《布布童鞋》HelloKitty凱蒂貓寵愛款粉紫色兒童拖鞋(16~18公分) [ C8B114G ],299,3,2018-09-02
DataStone數位宅急通★滿件88折,DigiStone 3C防震收納袋(格菱軟式束口袋)【加大版型】適2.5吋硬碟/SSD/行動電源/3C產品(黑)X2P,299,1,2018-09-02
DataStone數位宅急通★滿件88折,【95折+免運費+贈SD收納盒】TOSHIBA Towadako 64GB USB3.0 U364 R120MB/s 超薄迷你隨身碟x1【超薄4.9 mm】,999,2,2018-09-02
DataStone數位宅急通★滿件88折,DigiStone 超薄型Slim鋁合金 6片裝雙層多功能記憶卡收納盒(3SD+3SD)-香檳金X1【鋁合金殼】【防靜電EVA】,599,0,2018-09-02
DataStone數位宅急通★滿件88折,【一日特販+免運費】SONY CP-V20B 20000mAh 2USB輸出埠 3A 行動電源(黑色)X1【採Sony鋰離子聚合物技術】,3499,0,2018-09-02
DataStone數位宅急通★滿件88折,【2件85折+免運】DigiStone 手機SIM多用途轉接卡 四合一套件+單層超薄型Slim鋁合金7格收納盒(銀色)x1組,399,0,2018-09-02
DataStone數位宅急通★滿件88折,【限量79折+免運費】威剛 ADATA P20000D 行動電源 2.1A雙USB輸出 20000mAhX1台【LED照明行動電源】,1199,6,2018-09-02
DataStone數位宅急通★滿件88折,【現折50元+免運】DigiStone 手機SIM轉卡(四合一套件)+雙層超薄型Slim鋁合金1SD+8TF+SIM卡收納盒(銀)x1組,599,0,2018-09-02
DataStone數位宅急通★滿件88折,【免運費+贈SD收納盒】TOSHIBA 64GB Micro SDXC R100MB/s U1 記憶卡(小卡)(附SD轉卡)X1【支援手機/平板/switch】,799,3,2018-09-02
DataStone數位宅急通★滿件88折,【免運費+加贈行動電源收納袋】SONY CP-V10B 10000mAh 1.5A 行動電源X1【採Sony鋰離子聚合物技術】,1699,6,2018-09-02
DataStone數位宅急通★滿件88折,【現折100元+贈創見硬碟包】創見 4TB USB3.1 2.5吋 行動硬碟 25H3P TS4TSJ25H3P 軍規三層抗震系統(紫)X1P,4699,2,2018-09-02
DataStone數位宅急通★滿件88折,【2套優惠組+免運】DigiStone 手機SIM多用途轉接卡 四合一套裝(含Nano Sim/Micro Sim/Sim轉換卡+退卡針)x2套,199,1,2018-09-02
DataStone數位宅急通★滿件88折,【現折50元免運費】PQI Power Pad 101 QI 無線充電板X1台【支援iPhone 8/X/Samsung S8/ Note8/智慧型手機】,999,1,2018-09-02
DataStone數位宅急通★滿件88折,"DigiStone 超薄型Slim鋁合金 18片裝雙層多功能記憶卡收納盒(2SD+16TF)-銀X1P【鋁合金外殼】【防靜電EVA】 DigiStone 超薄型Slim鋁合金 18片裝雙層多功能記憶卡收納盒 【鋁合金外殼,輕巧耐用】【防靜電EVA材質,資料不流失】",599,0,2018-09-02
DataStone數位宅急通★滿件88折,【現折100元+加碼贈手機支架】RealShow Twin 高解析雙體藍芽喇叭組(黑X1+紅X1)X1組【限量10組】,2299,2,2018-09-02
DataStone數位宅急通★滿件88折,◆9折特販+加碼手機運動臂套◆錸德 RIDATA Q-68HR 全天候心律智慧藍芽運動手環(含心率功能)X1台,1499,0,2018-09-02
DataStone數位宅急通★滿件88折,【免運費】DigiStone 手機SIM多用途轉接卡 四合一套裝(含Nano Sim/Micro Sim/Sim轉換卡+退卡針)x1套,149,1,2018-09-02
DataStone數位宅急通★滿件88折,【現折50元+免運費】PQI 3合1多用途快速充電傳輸線 i-Cable(180cm)X1【採複合纖維包覆】【蘋果認證】,699,2,2018-09-02
DataStone數位宅急通★滿件88折,【免運費】飛樂 機車救援線 EC5 方頭(EY-08-1) X1條【必需搭配飛樂汽車行動電源才可使用 】,599,0,2018-09-02
DataStone數位宅急通★滿件88折,【免運費+限量特販】Kingston 金士頓 32GB 2018 狗年生肖 隨身碟 USB3.1 32G X1【2018限量紀念平裝版】,699,3,2018-09-02
DataStone數位宅急通★滿件88折,【免運】飛樂 機車救援線 EC5 圓頭(EY-08-2) X1【必需搭配飛樂汽車行動電源才可使用.無法單獨使用】,599,3,2018-09-02
DataStone數位宅急通★滿件88折,【免運費】DigiStone 汽車椅背專用保溫/保冷/保冰袋x1個,399,0,2018-09-02
DataStone數位宅急通★滿件88折,【免運費】PROBOX 空氣淨化機專用三層濾心網X1P,599,0,2018-09-02
DataStone數位宅急通★滿件88折,【免運費+贈3C硬碟收納袋】創見 25M3G 1TB 2.5吋 USB3.1 軍規防震/防摔/薄型(Slim)外接式硬碟(軍綠)x1台,2299,0,2018-09-02
DataStone數位宅急通★滿件88折,【95折+免運費】PAPAGO i3 智能高速打氣機X1台【附贈專用收納袋 & 備用保險絲 】,2299,2,2018-09-02
DataStone數位宅急通★滿件88折,【現折100+加贈汽車保溫袋】PROBOX 車內/居家兩用高效能空氣清淨機x1【HEPA三層濾網+PM2.5/塵螨】,3499,0,2018-09-02
DataStone數位宅急通★滿件88折,【免運費+贈硬碟軟式收納包】TOSHIBA 2TB CANVIO Basics A3 USB3.0 行動碟-黑X1【第三代黑靚潮 III】,2888,3,2018-09-02
DataStone數位宅急通★滿件88折,【免運費】SONY USB-A對USB-C Type-C 1.5M CP-AC150 3A高速傳輸線/充電線X1P(SONY原廠精裝盒裝),499,0,2018-09-02
DataStone數位宅急通★滿件88折,【2禮:16GB+SD收納盒】飛樂 Discover WP-11 隨身影音密錄器/網路攝影機/錄音/錄影/紅外線/行車紀錄器X1,2499,0,2018-09-02
DataStone數位宅急通★滿件88折,【2禮:16GB+SD收納盒】飛樂 Discover WP-11 隨身影音密錄器/網路攝影機/錄音/錄影/紅外線/行車紀錄器X1,2499,1,2018-09-02
DataStone數位宅急通★滿件88折,DigiStone 手機防水袋/可觸控(四邊雙層加強型)通用6.2吋以下手機x1P★四邊雙層加密★防水IPX8認證★,599,0,2018-09-02
DataStone數位宅急通★滿件88折,DigiStone 手機防水袋/可觸控(四邊雙層加強型)通用6.2吋以下手機x1P★四邊雙層加密★防水IPX8認證★,599,1,2018-09-02
DataStone數位宅急通★滿件88折,【85折↘免運費】ADATA 威剛 CW0050 Qi認證 無線充電板X1台【超薄6mm機身】【Qi認證模組】,799,1,2018-09-02
DataStone數位宅急通★滿件88折,【免運費】SONY Micro USB 1.5M CP-ABP150 2.4A 編織充電線/傳輸線X1條(SONY原廠精裝盒裝),399,0,2018-09-02
DataStone數位宅急通★滿件88折,【79折免運費+贈行動電源收納袋】ADATA 威剛 P12500D 行動電源 2.1A雙USB輸出 電芯容量 12500mAhX1,799,5,2018-09-02
DataStone數位宅急通★滿件88折,DigiStone 手機防水袋/可觸控(四邊雙層加強型)通用6.2吋以下手機x1P★四邊雙層加密★防水IPX8認證★,599,0,2018-09-02
DataStone數位宅急通★滿件88折,【免運費】DigiStone 防水+防震加強型 16片裝(8SD+8TF)多功能記憶卡收納盒X1P【四邊防水壓條加密型】,699,0,2018-09-02
DataStone數位宅急通★滿件88折,【加碼贈USB車充座+免運費】飛樂 Discover PU300 QC3.0 無線快速充電+重力車載手機支架X1台【限量10組】,1699,1,2018-09-02
DataStone數位宅急通★滿件88折,DigiStone 手機防水袋/可觸控(四邊雙層加強型)通用6.2吋以下手機x1P★四邊雙層加密★防水IPX8認證★,599,0,2018-09-02
DataStone數位宅急通★滿件88折,DigiStone 手機防水袋/可觸控(四邊雙層加強型)通用6.2吋以下手機x1P★四邊雙層加密★防水IPX8認證★,599,0,2018-09-02
DataStone數位宅急通★滿件88折,【ㄧ日特販+免運費】創見 4TB USB3.1 2.5吋 行動硬碟 25H3P TS4TSJ25H3P 軍規三層抗震系統(紫)X1P,4699,8,2018-09-02
DataStone數位宅急通★滿件88折,◆批發價+免運費◆DataStone A級16X DVD-R 4.7GB 珍珠白滿版可印片X 300PCS,1999,0,2018-09-02
DataStone數位宅急通★滿件88折,【免運+特販三天】飛樂 Discover PU300 QC3.0 無線快速充電+重力車載手機支架X1【加購USB車充更優惠】,1280,0,2018-09-02
DataStone數位宅急通★滿件88折,【免運費+贈3C硬碟收納袋】創見 2TB StoreJet 25A3 USB3.1 外接硬碟X1【懸吊系統+One Touch 自動備份】,2999,6,2018-09-02
影音轟9折+專業影音施工:德昌,大降價 🐔 InFocus 鴻海 60吋 4K智慧連網液晶顯示器 WT-60CA612 輕薄 節能智慧背光 公司貨,38888,1,2018-09-02
影音轟9折+專業影音施工:德昌,索尼 SONY XBA-N1AP 入耳式耳機 HD 混合式驅動系統 Hi-Res 公司貨,6990,1,2018-09-02
DataStone數位宅急通★滿件88折,【免運費+贈3C收納袋】ADATA 威剛 ED600 USB3.1 2.5吋HDD/SSD 防震型外接盒【防震/防水/防塵】X1台 ★HDD/SSD 2.5吋 7mm/9.5mm 都可支援 ★ ★注意★此外接盒不含硬碟HDD或SSD★請自行選購硬碟HDD或SSD★,699,0,2018-09-02
影音轟9折+專業影音施工:德昌,BENQ 明基 43JR700 液晶電視 護眼 4K HDR 智慧連網入門款 支援 4K 60P 高解析視覺體驗 公司貨,27700,1,2018-09-02
影音轟9折+專業影音施工:德昌,章魚牌 865.300 木工鑽頭5支組 4-10mm,300,1,2018-09-02
影音轟9折+專業影音施工:德昌,FiiO 音源轉換器 E10K USB DAC數位類比音源轉換器 公司貨,3300,1,2018-09-02
DataStone數位宅急通★滿件88折,【免運費+贈3C收納袋】ADATA 威剛 ED600 USB3.1 2.5吋HDD/SSD 防震型外接盒【防震/防水/防塵】X1台 ★HDD/SSD 2.5吋 7mm/9.5mm 都可支援 ★ ★注意★此外接盒不含硬碟HDD或SSD★請自行選購硬碟HDD或SSD★,699,0,2018-09-02
影音轟9折+專業影音施工:德昌,快速到貨_現貨▸▸SHARP 夏普 8.5L空氣清淨除濕機 DW-H8HT-W 除濕能力8.5L 自動除菌離子 公司貨,8990,1,2018-09-02
影音轟9折+專業影音施工:德昌,SONY 2013 新款3D眼鏡 被動式 TDG-500P 公貨,590,1,2018-09-02
影音轟9折+專業影音施工:德昌,( 現貨現金下殺 ) BenQ 明基 液晶電視 55IZ7500 55吋 LED 4K Ultra HD液晶電視 公貨 送北縣市桌裝,42888,1,2018-09-02
影音轟9折+專業影音施工:德昌,VIVITEK 麗訊 Qumi Q38 投影機 地表最強露營機 LED 600流明度 Full HD 無線網路 藍芽 公司貨,23688,1,2018-09-02
影音轟9折+專業影音施工:德昌,VIEWSONIC 優派 M1超輕型可攜式 LED 投影機 (內建電池) harman/kardon 雙喇叭 公司貨,11900,1,2018-09-02
影音轟9折+專業影音施工:德昌,( 福利 現貨 ) 象印 鐵板萬用鍋 EP-PAF25 火烤兩用 容量3.7L 送生活好幫手用品 公司貨,2999,1,2018-09-02
影音轟9折+專業影音施工:德昌,( 現貨 ) 艾美特 AIRMATE FS35171 14吋直流馬達遙控立扇 DC節能 方盤 公司貨 送生活好幫手用品,1999,1,2018-09-02
影音轟9折+專業影音施工:德昌,UPMOST MIRASCREEN 雙頻機 (2.4G+5G) 無線螢幕同步鏡像分享器 原廠公司貨,2590,1,2018-09-02
影音轟9折+專業影音施工:德昌,(NEW)SONY 音響 HT-CT390 單件式環繞家庭劇院 2.1聲道 公司貨,28900,1,2018-09-02
影音轟9折+專業影音施工:德昌,SONY MDR-EX15LP 密閉入耳式耳機 繽紛色 黑白藍紅 1.2m 公司貨,450,1,2018-09-02
影音轟9折+專業影音施工:德昌,SONY 索尼 喇叭 SRS-XB10 可攜式 防潑灑 藍芽喇叭 EXTRA BASS™ 公司貨,2888,1,2018-09-02
影音轟9折+專業影音施工:德昌,PANASONIC 國際牌 F-Y12EB 除濕專用型 除濕機 6L/日 4合1清淨濾網 1級校能 公司貨,8688,2,2018-09-02
影音轟9折+專業影音施工:德昌,(預購) SONY 索尼 UBP-X700 4K 藍光播放器 4K Ultra HD Blu-ray™ 公司貨 UBPX700,13888,2,2018-09-02
影音轟9折+專業影音施工:德昌,(新款0利率) 先鋒Pioneer DV-3052V DVD播放機 HDMI 1080P影像升頻 全區公貨 送高級HDMI線,2990,2,2018-09-02
影音轟9折+專業影音施工:德昌,PANASONIC 國際牌 F-Y24EX 高效型除濕機 12L/日 智惠乾衣 靜音滴水 濕度值設定 公司貨,18888,2,2018-09-02
影音轟9折+專業影音施工:德昌,回函送 (NEW) BENQ 明基 50JR700 液晶電視 50吋 4K HDR 護眼旗艦款 黑湛屏 公司貨,32888,2,2018-09-02
影音轟9折+專業影音施工:德昌,ELITE SCREENS 億立 135吋 16:9 高級固定框架幕-4K透聲幕 R135WH1-A4K 公司貨 運費另計,49390,2,2018-09-02
影音轟9折+專業影音施工:德昌,( 福利現貨 ) 德國 BRITA Marella XL 馬利拉濾水壺 大容量 3.5公升 送生活好幫手用 公司貨,999,2,2018-09-02
影音轟9折+專業影音施工:德昌,現貨 登錄享好禮 三星 C43J89 43吋 弧形 電競螢幕 32:10超寬屏幕 公貨 C43J890 公司貨 24期零利率,29900,2,2018-09-02
影音轟9折+專業影音施工:德昌,(0利率) 登昌恆 UPF212 VGA TO TV 影像轉換器,2500,2,2018-09-02
影音轟9折+專業影音施工:德昌,現貨 PIONEER 先鋒 HDJ-X10 專業級耳罩式 DJ 監聽耳機 專為夜店及大型音樂演出的專業 DJ 而生 公司貨,13888,2,2018-09-02
影音轟9折+專業影音施工:德昌,登錄送1000商品卡 (新款日製)SHARP 夏普 水活力空氣清淨 清淨機 KC-JH60T-W 14坪 濾網壽命10年 公貨JH60,16900,2,2018-09-02
影音轟9折+專業影音施工:德昌,PX 大通 HD-8000 高畫質 數位電視接收機 1080P多媒體播放 電影 照片 音樂 環保省電 HD8000 公司貨,1970,2,2018-09-02
影音轟9折+專業影音施工:德昌,(殺)SONY BDP-S1500 藍光DVD多媒體播放機 公貨 送創見終保16GB碟+HDMI線+網路線 取代S1200,8990,2,2018-09-02
影音轟9折+專業影音施工:德昌,現貨 索尼SONY SU-WL500 BRAVIA 液晶電視壁掛架 公司貨,2990,2,2018-09-02
影音轟9折+專業影音施工:德昌,國際 Panasonic NN-BS1000 蒸烘烤 微波爐 32L 公司貨,41000,3,2018-09-02
影音轟9折+專業影音施工:德昌,美國SUPER SEIMON 58 * 104 119吋 HDTV(16 : 9) M-360 中型電動式布幕 採用軸心式馬達,28900,3,2018-09-02
影音轟9折+專業影音施工:德昌,SENNHEISER MX 585 出色清晰度 L型耳機接頭 附音量控制功能 耳塞式耳機 白色 公司貨,1830,2,2018-09-02
影音轟9折+專業影音施工:德昌,預購 SONY 索尼 UBP-X700 4K Ultra HD Blu-ray 藍光 4K 播放機 HDR10 公司貨,9990,3,2018-09-02
影音轟9折+專業影音施工:德昌,PIONEER 先鋒 HDJ-X7 專業級耳罩式 DJ 監聽耳機 黑色/銀色新品上市 公司貨,7388,3,2018-09-02
影音轟9折+專業影音施工:德昌,Castle蓋世特 防火防雷電源突波保護插座-6座3孔 A6-SB 尊爵黑,1090,6,2018-09-02
影音轟9折+專業影音施工:德昌,現貨 SONY CMT-X3CD 新款 藍芽無線CD床頭音響 白色公貨 送16GB碟 公司貨,6900,5,2018-09-02
Bonjour►99元折價券現折!,(限時↘結帳後980元)BONJOUR去旅行裸足休閒鞋☆0.3cm超薄真皮平底鞋Socks shoes (8色),1580,39,2018-09-02
Bonjour►99元折價券現折!,(限時↘結帳後980元)BONJOUR☆好透氣!穿脫方便網布懶人休閒鞋slip on(5色),1580,31,2018-09-02
Bonjour►99元折價券現折!,(限時↘結帳後980元)BONJOUR☆超穩!天生模豆6cm彈力靜音高跟鞋(深色)Model Shoes(7色),1580,26,2018-09-02
Bonjour►99元折價券現折!,(限時↘結帳後980元)BONJOUR超好搭2WAY懶人鞋☆磨腳Out真皮休閒平底鞋(2色),2080,86,2018-09-02
Bonjour►99元折價券現折!,(限時↘結帳後980元)BONJOUR美肌粉底液高跟鞋☆6cm穩足彈力靜音款Foundations Shoes(4色),1580,17,2018-09-02
Bonjour►99元折價券現折!,(限時↘結帳後980元)BONJOUR約會實穿5.5cm靜音百搭中跟鞋☆立體腳墊穩足款(5色),1580,17,2018-09-02
Bonjour►99元折價券現折!,(限時↘結帳後980元)BONJOUR舒服豆豆鞋☆日系甜心!全真皮抽繩流蘇莫卡辛鞋(7色)(35-42大尺碼),2080,29,2018-09-02
Bonjour►99元折價券現折!,(限時↘結帳後1280元)BONJOUR☆超修飾!3cm鬆緊帶尖頭內增高休閒鞋hidden heel shoes(5色),2064,20,2018-09-02
Bonjour►99元折價券現折!,(限時↘結帳後1080元)BONJOUR☆+4cm完美比例厚底輕量休閒鞋(7色),1741,38,2018-09-02
Bonjour►99元折價券現折!,(限時↘結帳後980元)BONJOUR萊卡懶人鞋☆2Way防磨腳輕量絨布休閒鞋(淺色)Lycra shoes (4色),1580,7,2018-09-02
Bonjour►99元折價券現折!,BONJOUR☆MIT台灣製造3mm舒適乳膠鞋墊E.【ZBJ-12IN】(2色) I.,129,8,2018-09-02
Bonjour►99元折價券現折!,(限時↘結帳後980元)(現貨)BONJOUR超好穿靜音高跟鞋☆全新升級顯瘦8cm輕量版 (6色),1580,6,2018-09-02
Bonjour►99元折價券現折!,BONJOUR真皮前掌空氣軟墊☆專櫃女鞋舒適的秘密武器E.【ZBJ-06IN】MIT台灣製造(尺寸:S~L) I.,88,6,2018-09-02
Bonjour►99元折價券現折!,(限時↘結帳後1080元)(現貨)BONJOUR☆免綁鞋帶+3cm魔鬼粘懶人厚底鞋(4色),1741,39,2018-09-02
Bonjour►99元折價券現折!,BONJOUR透氣奈米防水噴霧☆鞋子的隱形雨衣280ml台灣製E.【ZWR28】I.,360,8,2018-09-02
Bonjour►99元折價券現折!,(限時↘結帳後980元)BONJOUR☆2種穿法!超止滑全真皮涼拖鞋Sandals (5色),2080,69,2018-09-02
Bonjour►99元折價券現折!,(限時↘結帳後980元)BONJOUR裸足平底鞋☆100%真皮懶人旅行便鞋Socks shoes(9色),1980,3,2018-09-02
Bonjour►99元折價券現折!,BONJOUR日本進口美足小物☆跟鞋專用”透明鞋束帶”防止鞋子掉腳束鞋帶J.【ZE395-140】(可調尺寸)I.,235,4,2018-09-02
Bonjour►99元折價券現折!,BONJOUR☆Ag+銀離子鞋子除臭制菌噴霧|甜心蒼蘭280ml台灣製E.【ZDE28】I.,280,3,2018-09-02
Bonjour►99元折價券現折!,BONJOUR☆獨家研發4合1真皮7mm彈力豆豆舒適乳膠鞋全墊(平底鞋類皆可)可修剪E.【ZBJ-04IN】35~42 I.,250,4,2018-09-02
Bonjour►99元折價券現折!,(限時↘結帳後980元)BONJOUR萊卡懶人鞋☆2Way防磨腳條紋布休閒鞋Lycra shoes (8色),1580,3,2018-09-02
Bonjour►99元折價券現折!,BONJOUR韓國進口☆防脫腳止滑加工貓咪純綿深口隱形襪F.【ZTW243】(4色)I.,89,7,2018-09-02
Bonjour►99元折價券現折!,BONJOUR☆2個重點透氣乳膠鞋墊insoles(MIT手工製)E.【ZBJ-13IN】2款I.,199,3,2018-09-02
Bonjour►99元折價券現折!,BONJOUR☆MIT台灣製造4mm可愛貓掌造型乳膠鞋墊E.【ZBJ-03IN】尺寸:35~40 I.,250,3,2018-09-02
Bonjour►99元折價券現折!,(限時↘結帳後980元)BONJOUR舒服豆豆鞋☆日系甜心!全真皮抽繩流蘇莫卡辛鞋(5色)(35-42大尺碼),2080,4,2018-09-02
Bonjour►99元折價券現折!,BONJOUR洗鞋特工☆徹底趕走髒污清潔保養雙效慕斯 (含鬃毛刷)120ml台灣製E.【ZSW12】I.,390,4,2018-09-02
Bonjour►99元折價券現折!,BONJOUR☆MIT真皮、超黏、不掉落哪裡磨腳貼哪裡!超柔軟麂皮超黏隨意貼!E.【ZBJ-9009】I.,100,5,2018-09-02
Bonjour►99元折價券現折!,(限時↘結帳後980元)(現貨)BONJOUR☆夏日限定!手作真皮2Way綁帶涼鞋Holiday Sandals (7色),2180,5,2018-09-02
Bonjour►99元折價券現折!,BONJOUR腳痛救星!全牛皮功能鞋墊☆透氣舒適真皮後踵貼.半墊.腳心墊 F.【ZSD117】I.,69,5,2018-09-02
Bonjour►99元折價券現折!,(限時↘結帳後980元)BONJOUR萊卡懶人鞋☆2Way防磨腳輕量絨布休閒鞋(深色)Lycra shoes (6色),1580,5,2018-09-02
Bonjour►99元折價券現折!,"BONJOUR厚度3mm真皮後踵貼☆MIT真皮、超黏、不掉落-鞋子""大半號""專用 E.【ZBJ-2101】I. ☆Bonjour☆MIT真皮、超黏、不掉落【ZBJ-2101】鞋子買太大!
腳寬不能塞前掌墊""大半號""專用3mm厚度真皮後踵貼",99,7,2018-09-02
Bonjour►99元折價券現折!,"BONJOUR可愛全墊☆人氣推薦超柔軟立體彈性[0.6cm厚墊設計] F.【ZSD26】6色護足墊 (35-42可裁剪)I. 真皮2.5cm增高全墊(豚皮)
立體加厚鞋墊
日本氣墊隱型內增高
柔軟6mm彈性立體全墊
少女時代2.5cm隱型半墊
足弓加厚立體乳膠全墊",148,5,2018-09-02
Bonjour►99元折價券現折!,BONJOUR懶人鞋帶扣☆免綁鞋帶(一組二入)台灣製E.【ZTW01】I.,50,8,2018-09-02
Bonjour►99元折價券現折!,BONJOUR☆毛巾底吸汗防脫腳淺口隱形襪F.【ZTW247】(2色)I.,89,14,2018-09-02
Bonjour►99元折價券現折!,BONJOUR足弓加厚鞋墊☆MIT台灣製造4mm舒適真皮乳膠全墊(可修剪)E.【ZBJ-08IN】尺寸:35-42 I.,250,11,2018-09-02
Bonjour►99元折價券現折!,(限時↘結帳後980元)BONJOUR☆超Q軟!鬆緊帶懶人休閒鞋Mama Shoes(8色),1580,13,2018-09-02
Bonjour►99元折價券現折!,(限時↘結帳後980元)BONJOUR手工麂皮豆豆鞋☆內裡厚墊真皮平底鞋(5色) (35-42大尺碼),2080,10,2018-09-02
Bonjour►99元折價券現折!,"BONJOUR☆MIT真皮超黏不掉落-鞋子買太大!""大一號""專用7mm厚真皮後踵貼E.【ZBJ-2111】I. ☆Bonjour☆MIT真皮、超黏、不掉落【ZBJ-2111】鞋子買太大!
腳寬不能塞前掌墊""大一號""專用7mm厚度真皮後踵貼 保證!

本系列商品均為MIT台灣製造

使用3M專業黏膠,超黏、超好用.

磨腳及調整鞋子時可以使用,效果明顯改善!!",120,12,2018-09-02
Bonjour►99元折價券現折!,(限時↘結帳後980元)(現貨)BONJOUR☆寬腳OK!小流蘇休閒平底鞋Comfort Loafers (6色),2080,9,2018-09-02
Bonjour►99元折價券現折!,(限時↘結帳後980元)BONJOUR☆輕量包覆X交叉繃帶萊卡休閒鞋 (7色),1580,8,2018-09-02
Bonjour►99元折價券現折!,(限時↘結帳後980元)BONJOUR☆韓妞必備!厚底異材質拼接ONI休閒鞋(3色),2080,9,2018-09-02
Bonjour►99元折價券現折!,(限時↘結帳後980元)BONJOUR萊卡懶人鞋☆2Way防磨腳壓花布休閒鞋Lycra shoes (4色),1580,10,2018-09-02
Bonjour►99元折價券現折!,BONJOUR漫步雲端豆豆鞋墊☆MIT台灣製7mm超厚乳膠(腳心加厚設計)真皮全墊E.【ZBJ-02IN】尺寸:35~40 I.,269,16,2018-09-02
Bonjour►99元折價券現折!,(限時↘結帳後980元)(現貨)BONJOUR☆ALL DAY超輕量萊卡健走休閒鞋Walking Shoes| C.(7色),1580,12,2018-09-02
Bonjour►99元折價券現折!,(限時↘結帳後980元)BONJOUR百搭不NG牛津鞋☆低跟柔軟全真皮平底鞋(4色),2080,12,2018-09-02
Bonjour►99元折價券現折!,(限時↘結帳後980元)BONJOUR磨腳Out!超好穿2WAY真皮懶人鞋☆休閒平底鞋(3色),2080,12,2018-09-02
Bonjour►99元折價券現折!,(限時↘結帳後980元)BONJOUR萊卡懶人鞋☆2Way防磨腳拼接休閒鞋Lycra shoes(11色),1580,14,2018-09-02
Bonjour►99元折價券現折!,(限時↘結帳後980元)BONJOUR超好穿靜音高跟鞋(婚禮派對系列)☆鞋墊加厚1.5cm防水台穩足跟鞋(5色),2080,13,2018-09-02
